,media,created,last_modified
0,Media/DCIM/101APPLE/IMG_1350.JPG,09/02/2023,09/02/2023
1,Media/DCIM/101APPLE/IMG_1362.JPG,15/08/2022,15/08/2022
2,Media/DCIM/101APPLE/IMG_1463.HEIC,17/08/2022,17/08/2022
3,Media/DCIM/101APPLE/IMG_1463.MOV,17/08/2022,17/08/2022
4,Media/DCIM/101APPLE/IMG_1571.JPG,09/02/2023,09/02/2023
5,Media/DCIM/101APPLE/IMG_1738.JPG,15/08/2022,15/08/2022
6,Media/DCIM/102APPLE/IMG_2030.JPG,15/08/2022,15/08/2022
7,Media/DCIM/102APPLE/IMG_2061.JPG,15/08/2022,15/08/2022
8,Media/DCIM/102APPLE/IMG_2126.HEIC,09/02/2023,09/02/2023
9,Media/DCIM/102APPLE/IMG_2155.HEIC,23/11/2022,23/11/2022
10,Media/DCIM/102APPLE/IMG_2185.MOV,09/02/2023,09/02/2023
11,Media/DCIM/102APPLE/IMG_2187.MOV,09/02/2023,09/02/2023
12,Media/DCIM/102APPLE/IMG_2324.JPG,09/02/2023,09/02/2023
13,Media/DCIM/102APPLE/IMG_2326.JPG,17/08/2022,17/08/2022
14,Media/DCIM/102APPLE/IMG_2619.HEIC,17/08/2022,17/08/2022
15,Media/DCIM/102APPLE/IMG_2634.JPG,11/08/2022,11/08/2022
16,Media/DCIM/102APPLE/IMG_2639.MOV,30/01/2023,30/01/2023
17,Media/DCIM/103APPLE/IMG_3153.HEIC,08/02/2023,08/02/2023
18,Media/DCIM/103APPLE/IMG_3177.JPG,17/09/2022,17/09/2022
19,Media/DCIM/103APPLE/IMG_3457.JPG,03/09/2022,03/09/2022
20,Media/DCIM/104APPLE/IMG_4020.JPG,15/08/2022,15/08/2022
21,Media/DCIM/104APPLE/IMG_4557.HEIC,09/02/2023,09/02/2023
22,Media/DCIM/104APPLE/IMG_4724.JPG,15/08/2022,15/08/2022
23,Media/DCIM/104APPLE/IMG_4966.MOV,22/01/2023,22/01/2023
24,Media/DCIM/105APPLE/IMG_5138.MOV,02/02/2023,02/02/2023
25,Media/DCIM/105APPLE/IMG_5381.JPG,15/08/2022,15/08/2022
26,Media/DCIM/105APPLE/IMG_5395.HEIC,18/02/2023,18/02/2023
27,Media/DCIM/105APPLE/IMG_5791.HEIC,24/11/2022,24/11/2022
28,Media/DCIM/105APPLE/IMG_5820.HEIC,16/11/2022,16/11/2022
29,Media/DCIM/105APPLE/IMG_5825.HEIC,25/11/2022,25/11/2022
30,Media/DCIM/105APPLE/IMG_5828.HEIC,07/11/2022,07/11/2022
31,Media/DCIM/106APPLE/IMG_6195.JPG,17/09/2022,17/09/2022
32,Media/DCIM/106APPLE/IMG_6517.JPG,28/01/2023,28/01/2023
33,Media/DCIM/106APPLE/IMG_6521.JPG,03/10/2022,03/10/2022
34,Media/DCIM/106APPLE/IMG_6725.JPG,15/08/2022,15/08/2022
35,Media/DCIM/106APPLE/IMG_6942.JPG,17/09/2022,17/09/2022
36,Media/DCIM/107APPLE/IMG_7073.HEIC,18/11/2022,18/11/2022
37,Media/DCIM/107APPLE/IMG_7189.JPG,15/08/2022,15/08/2022
38,Media/DCIM/107APPLE/IMG_7485.HEIC,18/02/2023,18/02/2023
39,Media/DCIM/107APPLE/IMG_7488.HEIC,12/02/2023,12/02/2023
40,Media/DCIM/107APPLE/IMG_7752.JPG,15/08/2022,15/08/2022
41,Media/DCIM/107APPLE/IMG_7755.JPG,15/08/2022,15/08/2022
42,Media/DCIM/107APPLE/IMG_7975.JPG,15/08/2022,15/08/2022
43,Media/DCIM/108APPLE/IMG_8085.JPG,15/08/2022,15/08/2022
44,Media/DCIM/108APPLE/IMG_8358.JPG,10/11/2022,10/11/2022
45,Media/DCIM/108APPLE/IMG_8590.JPG,15/08/2022,15/08/2022
46,Media/DCIM/108APPLE/IMG_8767.JPG,07/01/2023,07/01/2023
47,Media/DCIM/108APPLE/IMG_8789.JPG,15/08/2022,15/08/2022
48,Media/DCIM/108APPLE/IMG_8797.JPG,15/08/2022,15/08/2022
49,Media/DCIM/108APPLE/IMG_8804.JPG,02/02/2023,02/02/2023
50,Media/DCIM/108APPLE/IMG_8806.JPG,01/10/2022,01/10/2022
51,Media/DCIM/109APPLE/IMG_9024.JPG,17/09/2022,17/09/2022
52,Media/DCIM/109APPLE/IMG_9034.JPG,12/09/2022,12/09/2022
53,Media/DCIM/109APPLE/IMG_9074.JPG,15/08/2022,15/08/2022
54,Media/DCIM/109APPLE/IMG_9098.JPG,20/08/2022,20/08/2022
55,Media/DCIM/109APPLE/IMG_9101.JPG,20/08/2022,20/08/2022
56,Media/DCIM/109APPLE/IMG_9258.JPG,15/08/2022,15/08/2022
57,Media/DCIM/109APPLE/IMG_9523.HEIC,07/01/2023,07/01/2023
58,Media/DCIM/109APPLE/IMG_9684.JPG,15/08/2022,15/08/2022
59,Media/DCIM/109APPLE/IMG_9701.JPG,09/02/2023,09/02/2023
60,Media/DCIM/109APPLE/IMG_9711.JPG,31/12/2022,31/12/2022
61,Media/DCIM/109APPLE/IMG_9714.JPG,17/09/2022,17/09/2022
62,Media/DCIM/109APPLE/IMG_9721.JPG,15/08/2022,15/08/2022
63,Media/DCIM/109APPLE/IMG_9729.JPG,17/09/2022,17/09/2022
64,Media/DCIM/109APPLE/IMG_9888.JPG,10/12/2022,10/12/2022
65,Media/DCIM/110APPLE/IMG_0181.JPG,17/09/2022,17/09/2022
66,Media/DCIM/110APPLE/IMG_0214.JPG,15/08/2022,15/08/2022
67,Media/DCIM/110APPLE/IMG_0935.JPG,15/08/2022,15/08/2022
68,Media/DCIM/111APPLE/IMG_1025.JPG,02/02/2023,02/02/2023
69,Media/DCIM/111APPLE/IMG_1065.JPG,15/08/2022,15/08/2022
70,Media/DCIM/111APPLE/IMG_1087.JPG,15/08/2022,15/08/2022
71,Media/DCIM/111APPLE/IMG_1225.JPG,15/08/2022,15/08/2022
72,Media/DCIM/111APPLE/IMG_1320.JPG,15/08/2022,15/08/2022
73,Media/DCIM/111APPLE/IMG_1755.MOV,11/08/2022,11/08/2022
74,Media/DCIM/111APPLE/IMG_1797.JPG,15/08/2022,15/08/2022
75,Media/DCIM/111APPLE/IMG_1999.JPG,15/08/2022,15/08/2022
76,Media/DCIM/112APPLE/IMG_2130.JPG,12/09/2022,12/09/2022
77,Media/DCIM/112APPLE/IMG_2131.JPG,09/01/2023,09/01/2023
78,Media/DCIM/112APPLE/IMG_2361.JPG,15/08/2022,15/08/2022
79,Media/DCIM/112APPLE/IMG_2470.JPG,19/11/2022,19/11/2022
80,Media/DCIM/112APPLE/IMG_2552.JPG,29/11/2022,29/11/2022
81,Media/DCIM/112APPLE/IMG_2691.JPG,31/12/2022,31/12/2022
82,Media/DCIM/112APPLE/IMG_2692.JPG,31/12/2022,31/12/2022
83,Media/DCIM/112APPLE/IMG_2696.JPG,31/12/2022,31/12/2022
84,Media/DCIM/112APPLE/IMG_2699.JPG,31/12/2022,31/12/2022
85,Media/DCIM/113APPLE/IMG_3516.JPG,31/12/2022,31/12/2022
86,Media/DCIM/113APPLE/IMG_3776.JPG,31/12/2022,31/12/2022
87,Media/DCIM/113APPLE/IMG_3789.JPG,15/08/2022,15/08/2022
88,Media/DCIM/114APPLE/IMG_4616.JPG,15/08/2022,15/08/2022
89,Media/DCIM/114APPLE/IMG_4928.HEIC,26/12/2022,26/12/2022
90,Media/DCIM/115APPLE/IMG_5462.JPG,15/08/2022,15/08/2022
91,Media/DCIM/115APPLE/IMG_5470.JPG,17/09/2022,17/09/2022
92,Media/DCIM/115APPLE/IMG_5491.JPG,15/08/2022,15/08/2022
93,Media/DCIM/115APPLE/IMG_5542.JPG,15/08/2022,15/08/2022
94,Media/DCIM/115APPLE/IMG_5886.JPG,15/08/2022,15/08/2022
95,Media/DCIM/116APPLE/IMG_6045.JPG,08/11/2022,08/11/2022
96,Media/DCIM/116APPLE/IMG_6247.MOV,05/09/2022,05/09/2022
97,Media/DCIM/116APPLE/IMG_6292.JPG,15/08/2022,15/08/2022
98,Media/DCIM/116APPLE/IMG_6298.JPG,15/08/2022,15/08/2022
99,Media/DCIM/116APPLE/IMG_6299.JPG,24/08/2022,24/08/2022
100,Media/DCIM/116APPLE/IMG_6418.JPG,17/09/2022,17/09/2022
101,Media/DCIM/116APPLE/IMG_6623.JPG,08/11/2022,08/11/2022
102,Media/DCIM/116APPLE/IMG_6653.JPG,22/01/2023,22/01/2023
103,Media/DCIM/116APPLE/IMG_6706.MOV,22/01/2023,22/01/2023
104,Media/DCIM/116APPLE/IMG_6736.JPG,15/08/2022,15/08/2022
105,Media/DCIM/116APPLE/IMG_6770.JPG,15/08/2022,15/08/2022
106,Media/DCIM/117APPLE/IMG_7684.JPG,08/02/2023,08/02/2023
107,Media/DCIM/117APPLE/IMG_7783.MOV,22/01/2023,22/01/2023
108,Media/DCIM/117APPLE/IMG_7806.JPG,08/02/2023,08/02/2023
109,Media/DCIM/117APPLE/IMG_7808.JPG,08/02/2023,08/02/2023
110,Media/DCIM/117APPLE/IMG_7893.JPG,15/08/2022,15/08/2022
111,Media/DCIM/117APPLE/IMG_7965.JPG,08/02/2023,08/02/2023
112,Media/DCIM/117APPLE/IMG_7980.JPG,08/02/2023,08/02/2023
113,Media/DCIM/117APPLE/IMG_7998.JPG,08/02/2023,08/02/2023
114,Media/DCIM/118APPLE/IMG_8008.JPG,15/08/2022,15/08/2022
115,Media/DCIM/118APPLE/IMG_8149.JPG,15/08/2022,15/08/2022
116,Media/DCIM/118APPLE/IMG_8230.JPG,08/02/2023,08/02/2023
117,Media/DCIM/118APPLE/IMG_8310.JPG,15/08/2022,15/08/2022
118,Media/DCIM/118APPLE/IMG_8339.JPG,31/12/2022,31/12/2022
119,Media/DCIM/118APPLE/IMG_8482.HEIC,07/04/2022,07/04/2022
120,Media/DCIM/118APPLE/IMG_8562.JPG,15/08/2022,15/08/2022
121,Media/DCIM/118APPLE/IMG_8636.JPG,15/08/2022,15/08/2022
122,Media/DCIM/118APPLE/IMG_8764.JPG,08/02/2023,08/02/2023
123,Media/DCIM/118APPLE/IMG_8808.JPG,08/02/2023,08/02/2023
124,Media/DCIM/119APPLE/IMG_9061.JPG,15/08/2022,15/08/2022
125,Media/DCIM/119APPLE/IMG_9161.JPG,22/01/2023,22/01/2023
126,Media/DCIM/119APPLE/IMG_9236.JPG,09/01/2023,09/01/2023
127,Media/DCIM/119APPLE/IMG_9318.JPG,08/02/2023,08/02/2023
128,Media/DCIM/119APPLE/IMG_9369.JPG,15/08/2022,15/08/2022
129,Media/DCIM/119APPLE/IMG_9384.JPG,08/02/2023,08/02/2023
130,Media/DCIM/119APPLE/IMG_9498.JPG,15/08/2022,15/08/2022
131,Media/DCIM/119APPLE/IMG_9681.JPG,15/08/2022,15/08/2022
132,Media/DCIM/119APPLE/IMG_9995.JPG,03/11/2022,03/11/2022
133,Media/DCIM/119APPLE/IMG_9997.HEIC,04/02/2023,04/02/2023
134,Media/DCIM/120APPLE/IMG_0221.JPG,08/02/2023,08/02/2023
135,Media/DCIM/120APPLE/IMG_0225.JPG,08/02/2023,08/02/2023
136,Media/DCIM/120APPLE/IMG_0258.JPG,15/08/2022,15/08/2022
137,Media/DCIM/120APPLE/IMG_0262.JPG,15/08/2022,15/08/2022
138,Media/DCIM/120APPLE/IMG_0294.JPG,15/08/2022,15/08/2022
139,Media/DCIM/120APPLE/IMG_0643.HEIC,16/02/2023,16/02/2023
140,Media/DCIM/120APPLE/IMG_0649.JPG,15/08/2022,15/08/2022
141,Media/DCIM/120APPLE/IMG_0656.JPG,15/08/2022,15/08/2022
142,Media/DCIM/120APPLE/IMG_0695.JPG,15/08/2022,15/08/2022
143,Media/DCIM/120APPLE/IMG_0708.JPG,13/02/2023,13/02/2023
144,Media/DCIM/120APPLE/IMG_0727.JPG,27/10/2022,27/10/2022
145,Media/DCIM/120APPLE/IMG_0764.JPG,08/02/2023,08/02/2023
146,Media/DCIM/120APPLE/IMG_0797.JPG,15/08/2022,15/08/2022
147,Media/DCIM/120APPLE/IMG_0821.JPG,15/08/2022,15/08/2022
148,Media/DCIM/120APPLE/IMG_0829.JPG,03/09/2022,03/09/2022
149,Media/DCIM/120APPLE/IMG_0890.JPG,08/02/2023,08/02/2023
150,Media/DCIM/121APPLE/IMG_1111.JPG,17/09/2022,17/09/2022
151,Media/DCIM/121APPLE/IMG_1112.JPG,31/12/2022,31/12/2022
152,Media/DCIM/121APPLE/IMG_1118.JPG,10/12/2022,10/12/2022
153,Media/DCIM/121APPLE/IMG_1151.JPG,08/02/2023,08/02/2023
154,Media/DCIM/121APPLE/IMG_1191.JPG,15/08/2022,15/08/2022
155,Media/DCIM/121APPLE/IMG_1200.JPG,08/02/2023,08/02/2023
156,Media/DCIM/121APPLE/IMG_1216.JPG,27/10/2022,27/10/2022
157,Media/DCIM/121APPLE/IMG_1222.JPG,08/02/2023,08/02/2023
158,Media/DCIM/121APPLE/IMG_1322.JPG,04/12/2022,04/12/2022
159,Media/DCIM/121APPLE/IMG_1351.JPG,04/12/2022,04/12/2022
160,Media/DCIM/121APPLE/IMG_1353.JPG,17/09/2022,17/09/2022
161,Media/DCIM/121APPLE/IMG_1384.JPG,16/09/2022,16/09/2022
162,Media/DCIM/121APPLE/IMG_1385.JPG,15/08/2022,15/08/2022
163,Media/DCIM/121APPLE/IMG_1386.JPG,16/09/2022,16/09/2022
164,Media/DCIM/121APPLE/IMG_1388.JPG,15/08/2022,15/08/2022
165,Media/DCIM/121APPLE/IMG_1424.JPG,08/02/2023,08/02/2023
166,Media/DCIM/121APPLE/IMG_1435.HEIC,08/02/2023,08/02/2023
167,Media/DCIM/121APPLE/IMG_1458.JPG,23/12/2022,23/12/2022
168,Media/DCIM/121APPLE/IMG_1542.JPG,15/08/2022,15/08/2022
169,Media/DCIM/121APPLE/IMG_1616.JPG,31/12/2022,31/12/2022
170,Media/DCIM/121APPLE/IMG_1617.JPG,15/08/2022,15/08/2022
171,Media/DCIM/121APPLE/IMG_1634.JPG,08/02/2023,08/02/2023
172,Media/DCIM/121APPLE/IMG_1679.JPG,08/02/2023,08/02/2023
173,Media/DCIM/121APPLE/IMG_1746.JPG,22/01/2023,22/01/2023
174,Media/DCIM/121APPLE/IMG_1768.JPG,15/08/2022,15/08/2022
175,Media/DCIM/121APPLE/IMG_1870.JPG,15/08/2022,15/08/2022
176,Media/DCIM/121APPLE/IMG_1884.JPG,08/02/2023,08/02/2023
177,Media/DCIM/121APPLE/IMG_1886.JPG,08/02/2023,08/02/2023
178,Media/DCIM/121APPLE/IMG_1913.HEIC,08/02/2023,08/02/2023
179,Media/DCIM/121APPLE/IMG_1953.JPG,02/02/2023,02/02/2023
180,Media/DCIM/121APPLE/IMG_1985.JPG,09/10/2022,09/10/2022
181,Media/DCIM/122APPLE/IMG_2189.JPG,17/09/2022,17/09/2022
182,Media/DCIM/122APPLE/IMG_2198.JPG,08/02/2023,08/02/2023
183,Media/DCIM/122APPLE/IMG_2249.JPG,15/08/2022,15/08/2022
184,Media/DCIM/122APPLE/IMG_2619.HEIC,07/10/2022,07/10/2022
185,Media/DCIM/122APPLE/IMG_2716.JPG,12/10/2022,12/10/2022
186,Media/DCIM/122APPLE/IMG_2777.JPG,15/08/2022,15/08/2022
187,Media/DCIM/122APPLE/IMG_2934.JPG,15/08/2022,15/08/2022
188,Media/DCIM/122APPLE/IMG_2939.HEIC,16/02/2023,16/02/2023
189,Media/DCIM/122APPLE/IMG_2974.JPG,31/12/2022,31/12/2022
190,Media/DCIM/123APPLE/IMG_3023.JPG,15/08/2022,15/08/2022
191,Media/DCIM/123APPLE/IMG_3038.MOV,02/02/2023,02/02/2023
192,Media/DCIM/123APPLE/IMG_3069.HEIC,16/02/2023,16/02/2023
193,Media/DCIM/123APPLE/IMG_3099.JPG,08/02/2023,08/02/2023
194,Media/DCIM/123APPLE/IMG_3101.JPG,15/08/2022,15/08/2022
195,Media/DCIM/123APPLE/IMG_3103.JPG,15/08/2022,15/08/2022
196,Media/DCIM/123APPLE/IMG_3107.JPG,08/02/2023,08/02/2023
197,Media/DCIM/123APPLE/IMG_3115.JPG,17/09/2022,17/09/2022
198,Media/DCIM/123APPLE/IMG_3117.JPG,15/08/2022,15/08/2022
199,Media/DCIM/123APPLE/IMG_3262.JPG,19/09/2022,19/09/2022
200,Media/DCIM/123APPLE/IMG_3419.JPG,08/02/2023,08/02/2023
201,Media/DCIM/123APPLE/IMG_3579.JPG,17/09/2022,17/09/2022
202,Media/DCIM/123APPLE/IMG_3659.JPG,15/08/2022,15/08/2022
203,Media/DCIM/123APPLE/IMG_3709.JPG,15/08/2022,15/08/2022
204,Media/DCIM/123APPLE/IMG_3728.JPG,15/08/2022,15/08/2022
205,Media/DCIM/123APPLE/IMG_3729.JPG,08/02/2023,08/02/2023
206,Media/DCIM/123APPLE/IMG_3877.JPG,28/11/2022,28/11/2022
207,Media/DCIM/123APPLE/IMG_3893.JPG,08/02/2023,08/02/2023
208,Media/DCIM/123APPLE/IMG_3908.JPG,08/02/2023,08/02/2023
209,Media/DCIM/123APPLE/IMG_3961.JPG,08/02/2023,08/02/2023
210,Media/DCIM/124APPLE/IMG_4081.HEIC,08/02/2023,08/02/2023
211,Media/DCIM/124APPLE/IMG_4087.HEIC,14/01/2023,14/01/2023
212,Media/DCIM/124APPLE/IMG_4136.HEIC,14/01/2023,14/01/2023
213,Media/DCIM/124APPLE/IMG_4136.MOV,14/01/2023,14/01/2023
214,Media/DCIM/124APPLE/IMG_4209.JPG,08/02/2023,08/02/2023
215,Media/DCIM/124APPLE/IMG_4215.MOV,08/02/2023,08/02/2023
216,Media/DCIM/124APPLE/IMG_4230.JPG,17/09/2022,17/09/2022
217,Media/DCIM/124APPLE/IMG_4243.HEIC,16/11/2022,16/11/2022
218,Media/DCIM/124APPLE/IMG_4259.MOV,31/12/2022,31/12/2022
219,Media/DCIM/124APPLE/IMG_4353.JPG,22/01/2023,22/01/2023
220,Media/DCIM/124APPLE/IMG_4516.HEIC,16/01/2023,16/01/2023
221,Media/DCIM/124APPLE/IMG_4561.HEIC,12/02/2023,12/02/2023
222,Media/DCIM/124APPLE/IMG_4574.HEIC,18/11/2022,18/11/2022
223,Media/DCIM/124APPLE/IMG_4587.JPG,06/11/2022,06/11/2022
224,Media/DCIM/124APPLE/IMG_4648.JPG,15/08/2022,15/08/2022
225,Media/DCIM/124APPLE/IMG_4712.HEIC,18/02/2023,18/02/2023
226,Media/DCIM/124APPLE/IMG_4903.HEIC,07/11/2022,07/11/2022
227,Media/DCIM/124APPLE/IMG_4907.JPG,17/09/2022,17/09/2022
228,Media/DCIM/124APPLE/IMG_4910.JPG,14/01/2023,14/01/2023
229,Media/DCIM/125APPLE/IMG_5006.MOV,31/12/2022,31/12/2022
230,Media/DCIM/125APPLE/IMG_5035.HEIC,08/02/2023,08/02/2023
231,Media/DCIM/125APPLE/IMG_5105.JPG,28/11/2022,28/11/2022
232,Media/DCIM/125APPLE/IMG_5195.HEIC,17/09/2022,17/09/2022
233,Media/DCIM/125APPLE/IMG_5244.HEIC,04/01/2023,04/01/2023
234,Media/DCIM/125APPLE/IMG_5272.HEIC,31/12/2022,31/12/2022
235,Media/DCIM/125APPLE/IMG_5272.MOV,31/12/2022,31/12/2022
236,Media/DCIM/125APPLE/IMG_5298.JPG,28/11/2022,28/11/2022
237,Media/DCIM/125APPLE/IMG_5507.HEIC,29/11/2022,29/11/2022
238,Media/DCIM/125APPLE/IMG_5521.HEIC,26/01/2023,26/01/2023
239,Media/DCIM/125APPLE/IMG_5640.HEIC,07/02/2023,07/02/2023
240,Media/DCIM/125APPLE/IMG_5660.HEIC,02/01/2023,02/01/2023
241,Media/DCIM/125APPLE/IMG_5799.MOV,04/01/2023,04/01/2023
242,Media/DCIM/125APPLE/IMG_5929.JPG,31/12/2022,31/12/2022
243,Media/DCIM/125APPLE/IMG_5932.JPG,31/12/2022,31/12/2022
244,Media/DCIM/125APPLE/IMG_5933.JPG,03/12/2022,03/12/2022
245,Media/DCIM/125APPLE/IMG_5950.JPG,08/02/2023,08/02/2023
246,Media/DCIM/126APPLE/IMG_6059.JPG,28/11/2022,28/11/2022
247,Media/DCIM/126APPLE/IMG_6094.JPG,15/08/2022,15/08/2022
248,Media/DCIM/126APPLE/IMG_6279.HEIC,31/12/2022,31/12/2022
249,Media/DCIM/126APPLE/IMG_6423.JPG,15/08/2022,15/08/2022
250,Media/DCIM/126APPLE/IMG_6513.JPG,08/02/2023,08/02/2023
251,Media/DCIM/126APPLE/IMG_6536.JPG,15/08/2022,15/08/2022
252,Media/DCIM/126APPLE/IMG_6538.JPG,15/08/2022,15/08/2022
253,Media/DCIM/126APPLE/IMG_6569.HEIC,11/08/2022,11/08/2022
254,Media/DCIM/126APPLE/IMG_6635.HEIC,14/11/2022,14/11/2022
255,Media/DCIM/126APPLE/IMG_6679.HEIC,15/02/2023,15/02/2023
256,Media/DCIM/126APPLE/IMG_6695.JPG,01/09/2022,01/09/2022
257,Media/DCIM/126APPLE/IMG_6730.JPG,12/09/2022,12/09/2022
258,Media/DCIM/126APPLE/IMG_6739.JPG,08/02/2023,08/02/2023
259,Media/DCIM/126APPLE/IMG_6775.JPG,02/01/2023,02/01/2023
260,Media/DCIM/126APPLE/IMG_6780.JPG,01/09/2022,01/09/2022
261,Media/DCIM/126APPLE/IMG_6930.JPG,08/02/2023,08/02/2023
262,Media/DCIM/127APPLE/IMG_7080.HEIC,25/01/2023,25/01/2023
263,Media/DCIM/127APPLE/IMG_7087.HEIC,23/11/2022,23/11/2022
264,Media/DCIM/127APPLE/IMG_7100.HEIC,26/11/2022,26/11/2022
265,Media/DCIM/127APPLE/IMG_7161.MOV,08/02/2023,08/02/2023
266,Media/DCIM/127APPLE/IMG_7195.HEIC,04/12/2022,04/12/2022
267,Media/DCIM/127APPLE/IMG_7198.HEIC,18/02/2023,18/02/2023
268,Media/DCIM/127APPLE/IMG_7311.HEIC,22/11/2022,22/11/2022
269,Media/DCIM/127APPLE/IMG_7330.JPG,17/09/2022,17/09/2022
270,Media/DCIM/127APPLE/IMG_7343.MOV,03/12/2022,03/12/2022
271,Media/DCIM/127APPLE/IMG_7374.JPG,03/12/2022,03/12/2022
272,Media/DCIM/127APPLE/IMG_7407.HEIC,20/01/2023,20/01/2023
273,Media/DCIM/127APPLE/IMG_7407.MOV,31/12/2022,31/12/2022
274,Media/DCIM/127APPLE/IMG_7414.HEIC,30/11/2022,30/11/2022
275,Media/DCIM/127APPLE/IMG_7581.HEIC,09/10/2022,09/10/2022
276,Media/DCIM/127APPLE/IMG_7738.MOV,17/09/2022,17/09/2022
277,Media/DCIM/127APPLE/IMG_7757.HEIC,18/02/2023,18/02/2023
278,Media/DCIM/127APPLE/IMG_7914.MOV,31/12/2022,31/12/2022
279,Media/DCIM/127APPLE/IMG_7920.HEIC,25/01/2023,25/01/2023
280,Media/DCIM/127APPLE/IMG_7923.MOV,31/12/2022,31/12/2022
281,Media/DCIM/127APPLE/IMG_7936.JPG,15/08/2022,15/08/2022
282,Media/DCIM/128APPLE/IMG_8053.HEIC,31/12/2022,31/12/2022
283,Media/DCIM/128APPLE/IMG_8077.JPG,14/01/2023,14/01/2023
284,Media/DCIM/128APPLE/IMG_8198.JPG,17/09/2022,17/09/2022
285,Media/DCIM/128APPLE/IMG_8240.HEIC,16/11/2022,16/11/2022
286,Media/DCIM/128APPLE/IMG_8244.JPG,31/12/2022,31/12/2022
287,Media/DCIM/128APPLE/IMG_8299.HEIC,16/12/2022,16/12/2022
288,Media/DCIM/128APPLE/IMG_8453.MOV,22/01/2023,22/01/2023
289,Media/DCIM/128APPLE/IMG_8528.JPG,15/08/2022,15/08/2022
290,Media/DCIM/128APPLE/IMG_8578.JPG,15/08/2022,15/08/2022
291,Media/DCIM/128APPLE/IMG_8586.JPG,15/08/2022,15/08/2022
292,Media/DCIM/128APPLE/IMG_8593.PNG,09/11/2022,09/11/2022
293,Media/DCIM/128APPLE/IMG_8608.JPG,08/02/2023,08/02/2023
294,Media/DCIM/128APPLE/IMG_8688.JPG,15/08/2022,15/08/2022
295,Media/DCIM/128APPLE/IMG_8821.HEIC,18/01/2023,18/01/2023
296,Media/DCIM/128APPLE/IMG_8859.HEIC,27/12/2022,27/12/2022
297,Media/DCIM/128APPLE/IMG_8871.HEIC,31/12/2022,31/12/2022
298,Media/DCIM/128APPLE/IMG_8918.HEIC,18/02/2023,18/02/2023
299,Media/DCIM/128APPLE/IMG_8919.HEIC,31/12/2022,31/12/2022
300,Media/DCIM/128APPLE/IMG_8931.HEIC,13/12/2022,13/12/2022
301,Media/DCIM/129APPLE/IMG_9230.HEIC,12/01/2023,12/01/2023
302,Media/DCIM/129APPLE/IMG_9308.MOV,31/12/2022,31/12/2022
303,Media/DCIM/129APPLE/IMG_9428.JPG,15/08/2022,15/08/2022
304,Media/DCIM/129APPLE/IMG_9451.HEIC,31/12/2022,31/12/2022
305,Media/DCIM/129APPLE/IMG_9460.HEIC,31/12/2022,31/12/2022
306,Media/DCIM/129APPLE/IMG_9709.JPG,10/08/2022,10/08/2022
307,Media/DCIM/129APPLE/IMG_9735.JPG,14/01/2023,14/01/2023
308,Media/DCIM/129APPLE/IMG_9756.JPG,07/02/2023,07/02/2023
309,Media/DCIM/129APPLE/IMG_9806.JPG,15/08/2022,15/08/2022
310,Media/DCIM/129APPLE/IMG_9832.MOV,19/01/2023,19/01/2023
311,Media/DCIM/130APPLE/IMG_0036.JPG,29/01/2023,29/01/2023
312,Media/DCIM/130APPLE/IMG_0159.HEIC,18/01/2023,18/01/2023
313,Media/DCIM/130APPLE/IMG_0164.MOV,31/12/2022,31/12/2022
314,Media/DCIM/130APPLE/IMG_0196.HEIC,16/02/2023,16/02/2023
315,Media/DCIM/130APPLE/IMG_0250.JPG,17/12/2022,17/12/2022
316,Media/DCIM/130APPLE/IMG_0391.HEIC,07/11/2022,07/11/2022
317,Media/DCIM/130APPLE/IMG_0491.JPG,15/08/2022,15/08/2022
318,Media/DCIM/130APPLE/IMG_0549.JPG,09/11/2022,09/11/2022
319,Media/DCIM/130APPLE/IMG_0598.JPG,12/09/2022,12/09/2022
320,Media/DCIM/130APPLE/IMG_0661.HEIC,17/09/2022,17/09/2022
321,Media/DCIM/130APPLE/IMG_0673.HEIC,07/02/2023,07/02/2023
322,Media/DCIM/130APPLE/IMG_0743.HEIC,20/01/2023,20/01/2023
323,Media/DCIM/130APPLE/IMG_0809.JPG,09/10/2022,09/10/2022
324,Media/DCIM/130APPLE/IMG_0811.JPG,09/10/2022,09/10/2022
325,Media/DCIM/130APPLE/IMG_0812.JPG,15/08/2022,15/08/2022
326,Media/DCIM/130APPLE/IMG_0850.HEIC,16/01/2023,16/01/2023
327,Media/DCIM/130APPLE/IMG_0904.JPG,15/08/2022,15/08/2022
328,Media/DCIM/130APPLE/IMG_0955.JPG,07/02/2023,07/02/2023
329,Media/DCIM/130APPLE/IMG_0961.JPG,07/02/2023,07/02/2023
330,Media/DCIM/131APPLE/IMG_1015.HEIC,07/02/2023,07/02/2023
331,Media/DCIM/131APPLE/IMG_1124.JPG,15/08/2022,15/08/2022
332,Media/DCIM/131APPLE/IMG_1131.JPG,15/08/2022,15/08/2022
333,Media/DCIM/131APPLE/IMG_1182.JPG,15/08/2022,15/08/2022
334,Media/DCIM/131APPLE/IMG_1183.JPG,15/08/2022,15/08/2022
335,Media/DCIM/131APPLE/IMG_1187.JPG,21/09/2022,21/09/2022
336,Media/DCIM/131APPLE/IMG_1235.JPG,17/09/2022,17/09/2022
337,Media/DCIM/131APPLE/IMG_1240.JPG,15/08/2022,15/08/2022
338,Media/DCIM/131APPLE/IMG_1263.HEIC,07/02/2023,07/02/2023
339,Media/DCIM/131APPLE/IMG_1373.JPG,17/09/2022,17/09/2022
340,Media/DCIM/131APPLE/IMG_1380.JPG,15/08/2022,15/08/2022
341,Media/DCIM/131APPLE/IMG_1436.JPG,31/12/2022,31/12/2022
342,Media/DCIM/131APPLE/IMG_1449.JPG,15/08/2022,15/08/2022
343,Media/DCIM/131APPLE/IMG_1452.JPG,25/09/2022,25/09/2022
344,Media/DCIM/131APPLE/IMG_1498.JPG,02/02/2023,02/02/2023
345,Media/DCIM/131APPLE/IMG_1526.JPG,09/11/2022,09/11/2022
346,Media/DCIM/131APPLE/IMG_1566.HEIC,08/11/2022,08/11/2022
347,Media/DCIM/131APPLE/IMG_1576.JPG,31/12/2022,31/12/2022
348,Media/DCIM/131APPLE/IMG_1578.JPG,04/01/2023,04/01/2023
349,Media/DCIM/131APPLE/IMG_1581.JPG,19/09/2022,19/09/2022
350,Media/DCIM/131APPLE/IMG_1638.MOV,22/01/2023,22/01/2023
351,Media/DCIM/131APPLE/IMG_1645.JPG,14/01/2023,14/01/2023
352,Media/DCIM/131APPLE/IMG_1663.HEIC,15/11/2022,15/11/2022
353,Media/DCIM/131APPLE/IMG_1727.HEIC,29/01/2023,29/01/2023
354,Media/DCIM/131APPLE/IMG_1745.JPG,31/12/2022,31/12/2022
355,Media/DCIM/131APPLE/IMG_1775.HEIC,02/01/2023,02/01/2023
356,Media/DCIM/131APPLE/IMG_1894.HEIC,14/02/2023,14/02/2023
357,Media/DCIM/131APPLE/IMG_1918.JPG,22/01/2023,22/01/2023
358,Media/DCIM/131APPLE/IMG_1952.HEIC,29/01/2023,29/01/2023
359,Media/DCIM/132APPLE/IMG_2147.JPG,27/12/2022,27/12/2022
360,Media/DCIM/132APPLE/IMG_2378.JPG,15/08/2022,15/08/2022
361,Media/DCIM/132APPLE/IMG_2380.JPG,15/08/2022,15/08/2022
362,Media/DCIM/132APPLE/IMG_2401.JPG,15/08/2022,15/08/2022
363,Media/DCIM/132APPLE/IMG_2409.JPG,28/11/2022,28/11/2022
364,Media/DCIM/132APPLE/IMG_2455.JPG,15/08/2022,15/08/2022
365,Media/DCIM/132APPLE/IMG_2461.JPG,15/08/2022,15/08/2022
366,Media/DCIM/132APPLE/IMG_2468.JPG,05/10/2022,05/10/2022
367,Media/DCIM/132APPLE/IMG_2665.JPG,03/02/2023,03/02/2023
368,Media/DCIM/132APPLE/IMG_2858.JPG,02/02/2023,02/02/2023
369,Media/DCIM/132APPLE/IMG_2914.JPG,12/09/2022,12/09/2022
370,Media/DCIM/132APPLE/IMG_2940.HEIC,14/11/2022,14/11/2022
371,Media/DCIM/132APPLE/IMG_2966.JPG,15/08/2022,15/08/2022
372,Media/DCIM/132APPLE/IMG_2989.JPG,15/08/2022,15/08/2022
373,Media/DCIM/133APPLE/IMG_3088.JPG,15/08/2022,15/08/2022
374,Media/DCIM/133APPLE/IMG_3345.JPG,17/09/2022,17/09/2022
375,Media/DCIM/133APPLE/IMG_3366.JPG,15/08/2022,15/08/2022
376,Media/DCIM/133APPLE/IMG_3407.JPG,07/02/2023,07/02/2023
377,Media/DCIM/133APPLE/IMG_3528.HEIC,10/04/2022,10/04/2022
378,Media/DCIM/133APPLE/IMG_3529.HEIC,10/04/2022,10/04/2022
379,Media/DCIM/133APPLE/IMG_3606.JPG,17/09/2022,17/09/2022
380,Media/DCIM/133APPLE/IMG_3676.JPG,05/10/2022,05/10/2022
381,Media/DCIM/133APPLE/IMG_3769.HEIC,16/04/2022,16/04/2022
382,Media/DCIM/133APPLE/IMG_3770.HEIC,16/04/2022,16/04/2022
383,Media/DCIM/133APPLE/IMG_3771.HEIC,16/04/2022,16/04/2022
384,Media/DCIM/133APPLE/IMG_3772.HEIC,16/04/2022,16/04/2022
385,Media/DCIM/133APPLE/IMG_3773.HEIC,16/04/2022,16/04/2022
386,Media/DCIM/133APPLE/IMG_3774.HEIC,19/01/2023,19/01/2023
387,Media/DCIM/133APPLE/IMG_3775.HEIC,16/04/2022,16/04/2022
388,Media/DCIM/133APPLE/IMG_3822.HEIC,18/11/2022,18/11/2022
389,Media/DCIM/133APPLE/IMG_3856.JPG,15/08/2022,15/08/2022
390,Media/DCIM/133APPLE/IMG_3858.JPG,14/09/2022,14/09/2022
391,Media/DCIM/133APPLE/IMG_3860.HEIC,16/02/2023,16/02/2023
392,Media/DCIM/133APPLE/IMG_3881.JPG,15/08/2022,15/08/2022
393,Media/DCIM/133APPLE/IMG_3882.JPG,15/08/2022,15/08/2022
394,Media/DCIM/133APPLE/IMG_3974.JPG,31/12/2022,31/12/2022
395,Media/DCIM/134APPLE/IMG_4049.JPG,15/08/2022,15/08/2022
396,Media/DCIM/134APPLE/IMG_4131.JPG,15/08/2022,15/08/2022
397,Media/DCIM/134APPLE/IMG_4268.JPG,23/10/2022,23/10/2022
398,Media/DCIM/134APPLE/IMG_4269.JPG,10/08/2022,10/08/2022
399,Media/DCIM/134APPLE/IMG_4351.HEIC,30/11/2022,30/11/2022
400,Media/DCIM/134APPLE/IMG_4665.JPG,23/10/2022,23/10/2022
401,Media/DCIM/134APPLE/IMG_4904.JPG,15/08/2022,15/08/2022
402,Media/DCIM/135APPLE/IMG_5152.MOV,08/02/2023,08/02/2023
403,Media/DCIM/135APPLE/IMG_5188.MOV,30/11/2022,30/11/2022
404,Media/DCIM/135APPLE/IMG_5200.MOV,30/11/2022,30/11/2022
405,Media/DCIM/135APPLE/IMG_5261.HEIC,31/01/2023,31/01/2023
406,Media/DCIM/135APPLE/IMG_5288.JPG,10/08/2022,10/08/2022
407,Media/DCIM/135APPLE/IMG_5384.JPG,15/08/2022,15/08/2022
408,Media/DCIM/135APPLE/IMG_5403.HEIC,30/11/2022,30/11/2022
409,Media/DCIM/135APPLE/IMG_5406.HEIC,30/11/2022,30/11/2022
410,Media/DCIM/135APPLE/IMG_5407.MOV,30/11/2022,30/11/2022
411,Media/DCIM/135APPLE/IMG_5414.JPG,15/08/2022,15/08/2022
412,Media/DCIM/135APPLE/IMG_5415.JPG,14/09/2022,14/09/2022
413,Media/DCIM/135APPLE/IMG_5432.JPG,12/09/2022,12/09/2022
414,Media/DCIM/135APPLE/IMG_5461.JPG,15/08/2022,15/08/2022
415,Media/DCIM/135APPLE/IMG_5464.JPG,15/08/2022,15/08/2022
416,Media/DCIM/135APPLE/IMG_5470.JPG,19/09/2022,19/09/2022
417,Media/DCIM/135APPLE/IMG_5478.JPG,13/01/2023,13/01/2023
418,Media/DCIM/135APPLE/IMG_5519.JPG,15/08/2022,15/08/2022
419,Media/DCIM/135APPLE/IMG_5540.MOV,01/10/2022,01/10/2022
420,Media/DCIM/135APPLE/IMG_5550.JPG,07/11/2022,07/11/2022
421,Media/DCIM/135APPLE/IMG_5604.JPG,09/08/2022,09/08/2022
422,Media/DCIM/135APPLE/IMG_5650.JPG,03/12/2022,03/12/2022
423,Media/DCIM/135APPLE/IMG_5652.JPG,09/08/2022,09/08/2022
424,Media/DCIM/135APPLE/IMG_5873.JPG,01/10/2022,01/10/2022
425,Media/DCIM/135APPLE/IMG_5882.JPG,16/01/2023,16/01/2023
426,Media/DCIM/135APPLE/IMG_5889.JPG,23/10/2022,23/10/2022
427,Media/DCIM/135APPLE/IMG_5890.JPG,05/10/2022,05/10/2022
428,Media/DCIM/135APPLE/IMG_5897.JPG,23/10/2022,23/10/2022
429,Media/DCIM/136APPLE/IMG_6071.HEIC,20/11/2022,20/11/2022
430,Media/DCIM/136APPLE/IMG_6113.JPG,20/11/2022,20/11/2022
431,Media/DCIM/136APPLE/IMG_6128.JPG,21/11/2022,21/11/2022
432,Media/DCIM/136APPLE/IMG_6135.HEIC,29/08/2022,29/08/2022
433,Media/DCIM/136APPLE/IMG_6138.MOV,29/08/2022,29/08/2022
434,Media/DCIM/136APPLE/IMG_6173.HEIC,20/11/2022,20/11/2022
435,Media/DCIM/136APPLE/IMG_6174.HEIC,30/11/2022,30/11/2022
436,Media/DCIM/136APPLE/IMG_6186.JPG,20/11/2022,20/11/2022
437,Media/DCIM/136APPLE/IMG_6296.HEIC,10/12/2022,10/12/2022
438,Media/DCIM/136APPLE/IMG_6307.JPG,31/12/2022,31/12/2022
439,Media/DCIM/136APPLE/IMG_6308.JPG,19/09/2022,19/09/2022
440,Media/DCIM/136APPLE/IMG_6314.JPG,23/10/2022,23/10/2022
441,Media/DCIM/136APPLE/IMG_6430.HEIC,10/12/2022,10/12/2022
442,Media/DCIM/136APPLE/IMG_6442.JPG,01/10/2022,01/10/2022
443,Media/DCIM/136APPLE/IMG_6471.HEIC,01/10/2022,01/10/2022
444,Media/DCIM/136APPLE/IMG_6472.HEIC,01/10/2022,01/10/2022
445,Media/DCIM/136APPLE/IMG_6526.HEIC,06/12/2022,06/12/2022
446,Media/DCIM/136APPLE/IMG_6670.JPG,21/11/2022,21/11/2022
447,Media/DCIM/136APPLE/IMG_6697.JPG,13/01/2023,13/01/2023
448,Media/DCIM/136APPLE/IMG_6766.JPG,23/10/2022,23/10/2022
449,Media/DCIM/136APPLE/IMG_6849.HEIC,16/02/2023,16/02/2023
450,Media/DCIM/136APPLE/IMG_6858.JPG,21/11/2022,21/11/2022
451,Media/DCIM/136APPLE/IMG_6862.JPG,07/11/2022,07/11/2022
452,Media/DCIM/136APPLE/IMG_6864.JPG,03/12/2022,03/12/2022
453,Media/DCIM/136APPLE/IMG_6867.JPG,19/09/2022,19/09/2022
454,Media/DCIM/136APPLE/IMG_6876.JPG,04/11/2022,04/11/2022
455,Media/DCIM/136APPLE/IMG_6879.JPG,20/11/2022,20/11/2022
456,Media/DCIM/136APPLE/IMG_6964.JPG,23/10/2022,23/10/2022
457,Media/DCIM/136APPLE/IMG_6968.JPG,14/01/2023,14/01/2023
458,Media/DCIM/137APPLE/IMG_7058.JPG,20/11/2022,20/11/2022
459,Media/DCIM/137APPLE/IMG_7114.HEIC,13/12/2022,13/12/2022
460,Media/DCIM/137APPLE/IMG_7153.JPG,07/11/2022,07/11/2022
461,Media/DCIM/137APPLE/IMG_7162.JPG,21/01/2023,21/01/2023
462,Media/DCIM/137APPLE/IMG_7168.JPG,03/12/2022,03/12/2022
463,Media/DCIM/137APPLE/IMG_7218.JPG,23/10/2022,23/10/2022
464,Media/DCIM/137APPLE/IMG_7233.JPG,23/10/2022,23/10/2022
465,Media/DCIM/137APPLE/IMG_7262.JPG,03/01/2023,03/01/2023
466,Media/DCIM/137APPLE/IMG_7300.JPG,03/01/2023,03/01/2023
467,Media/DCIM/137APPLE/IMG_7301.JPG,03/01/2023,03/01/2023
468,Media/DCIM/137APPLE/IMG_7311.JPG,21/11/2022,21/11/2022
469,Media/DCIM/137APPLE/IMG_7312.JPG,10/11/2022,10/11/2022
470,Media/DCIM/137APPLE/IMG_7326.JPG,21/11/2022,21/11/2022
471,Media/DCIM/137APPLE/IMG_7353.HEIC,24/01/2023,24/01/2023
472,Media/DCIM/137APPLE/IMG_7377.JPG,11/12/2022,11/12/2022
473,Media/DCIM/137APPLE/IMG_7408.JPG,09/11/2022,09/11/2022
474,Media/DCIM/137APPLE/IMG_7415.JPG,13/01/2023,13/01/2023
475,Media/DCIM/137APPLE/IMG_7418.JPG,13/01/2023,13/01/2023
476,Media/DCIM/137APPLE/IMG_7427.JPG,31/12/2022,31/12/2022
477,Media/DCIM/137APPLE/IMG_7443.JPG,20/11/2022,20/11/2022
478,Media/DCIM/137APPLE/IMG_7649.HEIC,30/01/2023,30/01/2023
479,Media/DCIM/137APPLE/IMG_7678.JPG,11/12/2022,11/12/2022
480,Media/DCIM/137APPLE/IMG_7688.JPG,08/02/2023,08/02/2023
481,Media/DCIM/137APPLE/IMG_7692.JPG,02/12/2022,02/12/2022
482,Media/DCIM/137APPLE/IMG_7694.JPG,13/11/2022,13/11/2022
483,Media/DCIM/137APPLE/IMG_7695.JPG,13/11/2022,13/11/2022
484,Media/DCIM/137APPLE/IMG_7703.JPG,03/12/2022,03/12/2022
485,Media/DCIM/137APPLE/IMG_7704.JPG,11/12/2022,11/12/2022
486,Media/DCIM/137APPLE/IMG_7726.JPG,14/11/2022,14/11/2022
487,Media/DCIM/137APPLE/IMG_7732.HEIC,11/12/2022,11/12/2022
488,Media/DCIM/137APPLE/IMG_7740.HEIC,25/11/2022,25/11/2022
489,Media/DCIM/137APPLE/IMG_7741.HEIC,13/11/2022,13/11/2022
490,Media/DCIM/137APPLE/IMG_7762.HEIC,14/02/2023,14/02/2023
491,Media/DCIM/137APPLE/IMG_7775.JPG,10/12/2022,10/12/2022
492,Media/DCIM/137APPLE/IMG_7784.JPG,28/11/2022,28/11/2022
493,Media/DCIM/137APPLE/IMG_7788.JPG,11/12/2022,11/12/2022
494,Media/DCIM/137APPLE/IMG_7799.HEIC,12/02/2023,12/02/2023
495,Media/DCIM/137APPLE/IMG_7802.JPG,31/12/2022,31/12/2022
496,Media/DCIM/137APPLE/IMG_7805.JPG,24/11/2022,24/11/2022
497,Media/DCIM/137APPLE/IMG_7807.JPG,31/12/2022,31/12/2022
498,Media/DCIM/137APPLE/IMG_7808.HEIC,03/12/2022,03/12/2022
499,Media/DCIM/137APPLE/IMG_7827.JPG,11/12/2022,11/12/2022
500,Media/DCIM/137APPLE/IMG_7838.HEIC,24/01/2023,24/01/2023
501,Media/DCIM/137APPLE/IMG_7844.JPG,22/12/2022,22/12/2022
502,Media/DCIM/137APPLE/IMG_7849.HEIC,10/02/2023,10/02/2023
503,Media/DCIM/137APPLE/IMG_7882.HEIC,13/12/2022,13/12/2022
504,Media/DCIM/137APPLE/IMG_7948.JPG,03/01/2023,03/01/2023
505,Media/DCIM/137APPLE/IMG_7949.JPG,03/01/2023,03/01/2023
506,Media/DCIM/137APPLE/IMG_7983.HEIC,05/01/2023,05/01/2023
507,Media/DCIM/138APPLE/IMG_8030.HEIC,03/01/2023,03/01/2023
508,Media/DCIM/138APPLE/IMG_8057.JPG,16/12/2022,16/12/2022
509,Media/DCIM/138APPLE/IMG_8060.JPG,31/12/2022,31/12/2022
510,Media/DCIM/138APPLE/IMG_8061.JPG,03/01/2023,03/01/2023
511,Media/DCIM/138APPLE/IMG_8124.HEIC,05/01/2023,05/01/2023
512,Media/DCIM/138APPLE/IMG_8126.MOV,19/12/2022,19/12/2022
513,Media/DCIM/138APPLE/IMG_8154.HEIC,31/12/2022,31/12/2022
514,Media/DCIM/138APPLE/IMG_8156.MOV,19/12/2022,19/12/2022
515,Media/DCIM/138APPLE/IMG_8161.MOV,18/12/2022,18/12/2022
516,Media/DCIM/138APPLE/IMG_8162.MOV,18/12/2022,18/12/2022
517,Media/DCIM/138APPLE/IMG_8210.MOV,05/01/2023,05/01/2023
518,Media/DCIM/138APPLE/IMG_8231.JPG,05/01/2023,05/01/2023
519,Media/DCIM/138APPLE/IMG_8235.JPG,13/01/2023,13/01/2023
520,Media/DCIM/138APPLE/IMG_8237.JPG,31/12/2022,31/12/2022
521,Media/DCIM/138APPLE/IMG_8259.JPG,13/01/2023,13/01/2023
522,Media/DCIM/138APPLE/IMG_8269.JPG,19/12/2022,19/12/2022
523,Media/DCIM/138APPLE/IMG_8270.JPG,02/02/2023,02/02/2023
524,Media/DCIM/138APPLE/IMG_8280.JPG,19/12/2022,19/12/2022
525,Media/DCIM/138APPLE/IMG_8282.JPG,01/01/2023,01/01/2023
526,Media/DCIM/138APPLE/IMG_8283.JPG,31/12/2022,31/12/2022
527,Media/DCIM/138APPLE/IMG_8311.JPG,31/12/2022,31/12/2022
528,Media/DCIM/138APPLE/IMG_8344.JPG,18/12/2022,18/12/2022
529,Media/DCIM/138APPLE/IMG_8357.HEIC,18/02/2023,18/02/2023
530,Media/DCIM/138APPLE/IMG_8374.HEIC,19/12/2022,19/12/2022
531,Media/DCIM/138APPLE/IMG_8381.JPG,02/01/2023,02/01/2023
532,Media/DCIM/138APPLE/IMG_8394.JPG,08/02/2023,08/02/2023
533,Media/DCIM/138APPLE/IMG_8401.JPG,31/12/2022,31/12/2022
534,Media/DCIM/138APPLE/IMG_8402.JPG,03/02/2023,03/02/2023
535,Media/DCIM/138APPLE/IMG_8426.HEIC,03/01/2023,03/01/2023
536,Media/DCIM/138APPLE/IMG_8444.JPG,03/02/2023,03/02/2023
537,Media/DCIM/138APPLE/IMG_8485.JPG,31/12/2022,31/12/2022
538,Media/DCIM/138APPLE/IMG_8490.HEIC,12/02/2023,12/02/2023
539,Media/DCIM/138APPLE/IMG_8527.JPG,02/02/2023,02/02/2023
540,Media/DCIM/138APPLE/IMG_8534.MOV,14/01/2023,14/01/2023
541,Media/DCIM/138APPLE/IMG_8550.JPG,08/02/2023,08/02/2023
542,Media/DCIM/138APPLE/IMG_8553.JPG,08/02/2023,08/02/2023
543,Media/DCIM/138APPLE/IMG_8574.JPG,02/01/2023,02/01/2023
544,Media/DCIM/138APPLE/IMG_8576.JPG,21/01/2023,21/01/2023
545,Media/DCIM/138APPLE/IMG_8591.JPG,31/12/2022,31/12/2022
546,Media/DCIM/138APPLE/IMG_8592.JPG,06/01/2023,06/01/2023
547,Media/DCIM/138APPLE/IMG_8594.HEIC,02/01/2023,02/01/2023
548,Media/DCIM/138APPLE/IMG_8614.JPG,31/12/2022,31/12/2022
549,Media/DCIM/138APPLE/IMG_8615.JPG,03/01/2023,03/01/2023
550,Media/DCIM/138APPLE/IMG_8617.JPG,21/01/2023,21/01/2023
551,Media/DCIM/138APPLE/IMG_8619.JPG,31/12/2022,31/12/2022
552,Media/DCIM/138APPLE/IMG_8641.HEIC,01/01/2023,01/01/2023
553,Media/DCIM/138APPLE/IMG_8650.JPG,06/01/2023,06/01/2023
554,Media/DCIM/138APPLE/IMG_8653.JPG,03/02/2023,03/02/2023
555,Media/DCIM/138APPLE/IMG_8655.JPG,06/01/2023,06/01/2023
556,Media/DCIM/138APPLE/IMG_8698.HEIC,16/01/2023,16/01/2023
557,Media/DCIM/138APPLE/IMG_8727.HEIC,25/01/2023,25/01/2023
558,Media/DCIM/138APPLE/IMG_8751.HEIC,13/01/2023,13/01/2023
559,Media/DCIM/138APPLE/IMG_8755.HEIC,12/02/2023,12/02/2023
560,Media/DCIM/138APPLE/IMG_8783.JPG,21/01/2023,21/01/2023
561,Media/DCIM/138APPLE/IMG_8811.MOV,21/01/2023,21/01/2023
562,Media/DCIM/138APPLE/IMG_8818.JPG,14/01/2023,14/01/2023
563,Media/DCIM/138APPLE/IMG_8824.MOV,12/01/2023,12/01/2023
564,Media/DCIM/138APPLE/IMG_8848.HEIC,11/01/2023,11/01/2023
565,Media/DCIM/138APPLE/IMG_8939.JPG,25/01/2023,25/01/2023
566,Media/DCIM/138APPLE/IMG_8944.JPG,18/01/2023,18/01/2023
567,Media/DCIM/138APPLE/IMG_8953.JPG,03/02/2023,03/02/2023
568,Media/DCIM/138APPLE/IMG_8963.HEIC,25/01/2023,25/01/2023
569,Media/DCIM/138APPLE/IMG_8998.HEIC,02/02/2023,02/02/2023
570,Media/DCIM/139APPLE/IMG_9009.JPG,25/01/2023,25/01/2023
571,Media/DCIM/139APPLE/IMG_9013.JPG,07/02/2023,07/02/2023
572,Media/DCIM/139APPLE/IMG_9016.JPG,19/01/2023,19/01/2023
573,Media/DCIM/139APPLE/IMG_9028.JPG,24/01/2023,24/01/2023
574,Media/DCIM/139APPLE/IMG_9059.MOV,08/02/2023,08/02/2023
575,Media/DCIM/139APPLE/IMG_9060.MOV,08/02/2023,08/02/2023
576,Media/DCIM/139APPLE/IMG_9075.HEIC,01/02/2023,01/02/2023
577,Media/DCIM/139APPLE/IMG_9079.HEIC,07/02/2023,07/02/2023
578,Media/DCIM/139APPLE/IMG_9103.JPG,24/01/2023,24/01/2023
579,Media/DCIM/139APPLE/IMG_9169.JPG,07/02/2023,07/02/2023
580,Media/DCIM/139APPLE/IMG_9258.HEIC,12/02/2023,12/02/2023
581,Media/DCIM/139APPLE/IMG_9271.JPG,07/02/2023,07/02/2023
582,Media/DCIM/139APPLE/IMG_9365.HEIC,16/02/2023,16/02/2023
583,Media/DCIM/139APPLE/IMG_9484.MOV,16/02/2023,16/02/2023
584,Media/DCIM/139APPLE/IMG_9488.HEIC,17/02/2023,17/02/2023
585,Media/DCIM/139APPLE/IMG_9489.HEIC,17/02/2023,17/02/2023
586,Media/DCIM/139APPLE/IMG_9492.HEIC,17/02/2023,17/02/2023
587,Media/DCIM/139APPLE/IMG_9508.HEIC,16/02/2023,16/02/2023
588,Media/DCIM/139APPLE/IMG_9509.MOV,17/02/2023,17/02/2023
589,Media/DCIM/139APPLE/IMG_9510.MOV,17/02/2023,17/02/2023
590,Media/DCIM/139APPLE/IMG_9515.HEIC,16/02/2023,16/02/2023
591,Media/DCIM/139APPLE/IMG_9516.HEIC,16/02/2023,16/02/2023
592,Media/DCIM/139APPLE/IMG_9517.HEIC,16/02/2023,16/02/2023
593,Media/DCIM/139APPLE/IMG_9518.HEIC,16/02/2023,16/02/2023
594,Media/DCIM/139APPLE/IMG_9520.MOV,17/02/2023,17/02/2023
595,Media/DCIM/139APPLE/IMG_9521.HEIC,17/02/2023,17/02/2023
596,Media/DCIM/139APPLE/IMG_9522.MOV,16/02/2023,16/02/2023
597,Media/DCIM/139APPLE/IMG_9523.HEIC,17/02/2023,17/02/2023
598,Media/DCIM/139APPLE/IMG_9524.MOV,16/02/2023,16/02/2023
599,Media/DCIM/139APPLE/IMG_9525.HEIC,17/02/2023,17/02/2023
600,Media/DCIM/139APPLE/IMG_9526.HEIC,17/02/2023,17/02/2023
601,Media/DCIM/139APPLE/IMG_9527.HEIC,16/02/2023,16/02/2023
602,Media/DCIM/139APPLE/IMG_9527.MOV,17/02/2023,17/02/2023
603,Media/DCIM/139APPLE/IMG_9528.HEIC,16/02/2023,16/02/2023
604,Media/DCIM/139APPLE/IMG_9529.HEIC,16/02/2023,16/02/2023
605,Media/DCIM/139APPLE/IMG_9538.HEIC,17/02/2023,17/02/2023
606,Media/DCIM/139APPLE/IMG_9540.HEIC,16/02/2023,16/02/2023
607,Media/DCIM/139APPLE/IMG_9541.HEIC,16/02/2023,16/02/2023
608,Media/DCIM/139APPLE/IMG_9542.HEIC,16/02/2023,16/02/2023
609,Media/DCIM/139APPLE/IMG_9542.MOV,16/02/2023,16/02/2023
610,Media/DCIM/139APPLE/IMG_9543.MOV,16/02/2023,16/02/2023
611,Media/DCIM/139APPLE/IMG_9554.MOV,17/02/2023,17/02/2023
612,Media/DCIM/139APPLE/IMG_9555.HEIC,17/02/2023,17/02/2023
613,Media/DCIM/139APPLE/IMG_9557.HEIC,16/02/2023,16/02/2023
614,Media/DCIM/139APPLE/IMG_9558.HEIC,16/02/2023,16/02/2023
615,Media/DCIM/139APPLE/IMG_9559.MOV,17/02/2023,17/02/2023
616,Media/DCIM/139APPLE/IMG_9560.MOV,17/02/2023,17/02/2023
617,Media/DCIM/139APPLE/IMG_9562.HEIC,17/02/2023,17/02/2023
618,Media/DCIM/139APPLE/IMG_9563.HEIC,16/02/2023,16/02/2023
619,Media/DCIM/139APPLE/IMG_9564.HEIC,17/02/2023,17/02/2023
620,Media/DCIM/139APPLE/IMG_9565.HEIC,17/02/2023,17/02/2023
621,Media/DCIM/139APPLE/IMG_9566.HEIC,17/02/2023,17/02/2023
622,Media/DCIM/139APPLE/IMG_9567.HEIC,17/02/2023,17/02/2023
623,Media/DCIM/139APPLE/IMG_9568.HEIC,16/02/2023,16/02/2023
624,Media/DCIM/139APPLE/IMG_9569.HEIC,17/02/2023,17/02/2023
625,Media/DCIM/139APPLE/IMG_9570.HEIC,16/02/2023,16/02/2023
626,Media/DCIM/139APPLE/IMG_9571.HEIC,16/02/2023,16/02/2023
627,Media/DCIM/139APPLE/IMG_9572.HEIC,17/02/2023,17/02/2023
628,Media/DCIM/139APPLE/IMG_9573.HEIC,17/02/2023,17/02/2023
629,Media/DCIM/139APPLE/IMG_9573.MOV,16/02/2023,16/02/2023
630,Media/DCIM/139APPLE/IMG_9574.MOV,17/02/2023,17/02/2023
631,Media/DCIM/139APPLE/IMG_9575.HEIC,17/02/2023,17/02/2023
632,Media/DCIM/139APPLE/IMG_9576.HEIC,17/02/2023,17/02/2023
633,Media/DCIM/139APPLE/IMG_9577.HEIC,17/02/2023,17/02/2023
634,Media/DCIM/139APPLE/IMG_9578.HEIC,17/02/2023,17/02/2023
635,Media/DCIM/139APPLE/IMG_9579.HEIC,16/02/2023,16/02/2023
636,Media/DCIM/139APPLE/IMG_9580.HEIC,16/02/2023,16/02/2023
637,Media/DCIM/139APPLE/IMG_9581.HEIC,16/02/2023,16/02/2023
638,Media/DCIM/139APPLE/IMG_9582.HEIC,16/02/2023,16/02/2023
639,Media/DCIM/139APPLE/IMG_9583.HEIC,16/02/2023,16/02/2023
640,Media/DCIM/139APPLE/IMG_9584.HEIC,17/02/2023,17/02/2023
641,Media/DCIM/139APPLE/IMG_9585.HEIC,16/02/2023,16/02/2023
642,Media/DCIM/139APPLE/IMG_9586.HEIC,16/02/2023,16/02/2023
643,Media/DCIM/139APPLE/IMG_9587.HEIC,16/02/2023,16/02/2023
644,Media/DCIM/139APPLE/IMG_9588.HEIC,16/02/2023,16/02/2023
645,Media/DCIM/139APPLE/IMG_9589.HEIC,16/02/2023,16/02/2023
646,Media/DCIM/139APPLE/IMG_9590.HEIC,17/02/2023,17/02/2023
647,Media/DCIM/139APPLE/IMG_9591.HEIC,16/02/2023,16/02/2023
648,Media/DCIM/139APPLE/IMG_9592.HEIC,16/02/2023,16/02/2023
649,Media/DCIM/139APPLE/IMG_9593.HEIC,16/02/2023,16/02/2023
650,Media/DCIM/139APPLE/IMG_9594.HEIC,17/02/2023,17/02/2023
651,Media/DCIM/139APPLE/IMG_9595.HEIC,17/02/2023,17/02/2023
652,Media/DCIM/139APPLE/IMG_9596.HEIC,17/02/2023,17/02/2023
653,Media/DCIM/139APPLE/IMG_9597.HEIC,17/02/2023,17/02/2023
654,Media/DCIM/139APPLE/IMG_9597.MOV,17/02/2023,17/02/2023
655,Media/DCIM/139APPLE/IMG_9598.HEIC,17/02/2023,17/02/2023
656,Media/DCIM/139APPLE/IMG_9599.MOV,17/02/2023,17/02/2023
657,Media/DCIM/139APPLE/IMG_9600.HEIC,17/02/2023,17/02/2023
658,Media/DCIM/139APPLE/IMG_9601.HEIC,17/02/2023,17/02/2023
659,Media/DCIM/139APPLE/IMG_9602.HEIC,17/02/2023,17/02/2023
660,Media/DCIM/139APPLE/IMG_9602.MOV,17/02/2023,17/02/2023
661,Media/DCIM/139APPLE/IMG_9603.HEIC,17/02/2023,17/02/2023
662,Media/DCIM/139APPLE/IMG_9603.MOV,17/02/2023,17/02/2023
663,Media/DCIM/139APPLE/IMG_9604.HEIC,17/02/2023,17/02/2023
664,Media/DCIM/139APPLE/IMG_9605.HEIC,17/02/2023,17/02/2023
665,Media/DCIM/139APPLE/IMG_9606.HEIC,17/02/2023,17/02/2023
666,Media/DCIM/139APPLE/IMG_9607.HEIC,16/02/2023,16/02/2023
667,Media/DCIM/139APPLE/IMG_9608.HEIC,16/02/2023,16/02/2023
668,Media/DCIM/139APPLE/IMG_9609.HEIC,17/02/2023,17/02/2023
669,Media/DCIM/139APPLE/IMG_9610.HEIC,17/02/2023,17/02/2023
670,Media/DCIM/139APPLE/IMG_9613.HEIC,17/02/2023,17/02/2023
671,Media/DCIM/139APPLE/IMG_9615.HEIC,17/02/2023,17/02/2023
672,Media/DCIM/139APPLE/IMG_9616.HEIC,17/02/2023,17/02/2023
673,Media/DCIM/139APPLE/IMG_9617.HEIC,17/02/2023,17/02/2023
674,Media/DCIM/139APPLE/IMG_9618.HEIC,17/02/2023,17/02/2023
675,Media/DCIM/139APPLE/IMG_9619.HEIC,17/02/2023,17/02/2023
676,Media/DCIM/139APPLE/IMG_9620.HEIC,17/02/2023,17/02/2023
677,Media/DCIM/139APPLE/IMG_9621.HEIC,17/02/2023,17/02/2023
678,Media/DCIM/139APPLE/IMG_9622.HEIC,17/02/2023,17/02/2023
679,Media/DCIM/139APPLE/IMG_9625.HEIC,16/02/2023,16/02/2023
680,Media/DCIM/139APPLE/IMG_9626.HEIC,16/02/2023,16/02/2023
681,Media/DCIM/139APPLE/IMG_9627.HEIC,17/02/2023,17/02/2023
682,Media/DCIM/139APPLE/IMG_9628.HEIC,17/02/2023,17/02/2023
683,Media/DCIM/139APPLE/IMG_9629.HEIC,17/02/2023,17/02/2023
684,Media/DCIM/139APPLE/IMG_9630.HEIC,17/02/2023,17/02/2023
685,Media/DCIM/139APPLE/IMG_9631.HEIC,16/02/2023,16/02/2023
686,Media/DCIM/139APPLE/IMG_9632.HEIC,16/02/2023,16/02/2023
687,Media/DCIM/139APPLE/IMG_9633.MOV,17/02/2023,17/02/2023
688,Media/DCIM/139APPLE/IMG_9634.MOV,17/02/2023,17/02/2023
689,Media/DCIM/139APPLE/IMG_9635.MOV,17/02/2023,17/02/2023
690,Media/DCIM/139APPLE/IMG_9636.MOV,17/02/2023,17/02/2023
691,Media/DCIM/139APPLE/IMG_9637.HEIC,17/02/2023,17/02/2023
692,Media/DCIM/139APPLE/IMG_9638.HEIC,17/02/2023,17/02/2023
693,Media/DCIM/139APPLE/IMG_9639.HEIC,17/02/2023,17/02/2023
694,Media/DCIM/139APPLE/IMG_9640.HEIC,17/02/2023,17/02/2023
695,Media/DCIM/139APPLE/IMG_9641.HEIC,16/02/2023,16/02/2023
696,Media/DCIM/139APPLE/IMG_9642.HEIC,16/02/2023,16/02/2023
697,Media/DCIM/139APPLE/IMG_9643.HEIC,16/02/2023,16/02/2023
698,Media/DCIM/139APPLE/IMG_9644.HEIC,17/02/2023,17/02/2023
699,Media/DCIM/139APPLE/IMG_9645.HEIC,16/02/2023,16/02/2023
700,Media/DCIM/139APPLE/IMG_9647.HEIC,16/02/2023,16/02/2023
701,Media/DCIM/139APPLE/IMG_9648.HEIC,16/02/2023,16/02/2023
702,Media/DCIM/139APPLE/IMG_9650.HEIC,16/02/2023,16/02/2023
703,Media/DCIM/139APPLE/IMG_9651.HEIC,16/02/2023,16/02/2023
704,Media/DCIM/139APPLE/IMG_9652.HEIC,16/02/2023,16/02/2023
705,Media/DCIM/139APPLE/IMG_9653.HEIC,17/02/2023,17/02/2023
706,Media/DCIM/139APPLE/IMG_9654.HEIC,17/02/2023,17/02/2023
707,Media/DCIM/139APPLE/IMG_9655.HEIC,16/02/2023,16/02/2023
708,Media/DCIM/139APPLE/IMG_9656.HEIC,16/02/2023,16/02/2023
709,Media/DCIM/139APPLE/IMG_9657.HEIC,16/02/2023,16/02/2023
710,Media/DCIM/139APPLE/IMG_9657.MOV,16/02/2023,16/02/2023
711,Media/DCIM/139APPLE/IMG_9658.HEIC,17/02/2023,17/02/2023
712,Media/DCIM/139APPLE/IMG_9659.HEIC,17/02/2023,17/02/2023
713,Media/DCIM/139APPLE/IMG_9659.MOV,16/02/2023,16/02/2023
714,Media/DCIM/139APPLE/IMG_9660.HEIC,17/02/2023,17/02/2023
715,Media/DCIM/139APPLE/IMG_9663.HEIC,16/02/2023,16/02/2023
716,Media/DCIM/139APPLE/IMG_9665.HEIC,16/02/2023,16/02/2023
717,Media/DCIM/139APPLE/IMG_9666.HEIC,16/02/2023,16/02/2023
718,Media/DCIM/139APPLE/IMG_9668.MOV,16/02/2023,16/02/2023
719,Media/DCIM/139APPLE/IMG_9669.HEIC,17/02/2023,17/02/2023
720,Media/DCIM/139APPLE/IMG_9670.MOV,17/02/2023,17/02/2023
721,Media/DCIM/139APPLE/IMG_9671.HEIC,17/02/2023,17/02/2023
722,Media/DCIM/139APPLE/IMG_9672.HEIC,16/02/2023,16/02/2023
723,Media/DCIM/139APPLE/IMG_9673.HEIC,17/02/2023,17/02/2023
724,Media/DCIM/139APPLE/IMG_9674.MOV,17/02/2023,17/02/2023
725,Media/DCIM/139APPLE/IMG_9675.HEIC,17/02/2023,17/02/2023
726,Media/DCIM/139APPLE/IMG_9676.HEIC,17/02/2023,17/02/2023
727,Media/DCIM/139APPLE/IMG_9677.HEIC,17/02/2023,17/02/2023
728,Media/DCIM/139APPLE/IMG_9678.HEIC,17/02/2023,17/02/2023
729,Media/DCIM/139APPLE/IMG_9678.MOV,16/02/2023,16/02/2023
730,Media/DCIM/139APPLE/IMG_9679.HEIC,17/02/2023,17/02/2023
731,Media/DCIM/139APPLE/IMG_9680.HEIC,16/02/2023,16/02/2023
732,Media/DCIM/139APPLE/IMG_9681.HEIC,16/02/2023,16/02/2023
733,Media/DCIM/139APPLE/IMG_9681.MOV,16/02/2023,16/02/2023
734,Media/DCIM/139APPLE/IMG_9682.HEIC,17/02/2023,17/02/2023
735,Media/DCIM/139APPLE/IMG_9683.HEIC,17/02/2023,17/02/2023
736,Media/DCIM/139APPLE/IMG_9684.HEIC,17/02/2023,17/02/2023
737,Media/DCIM/139APPLE/IMG_9685.HEIC,17/02/2023,17/02/2023
738,Media/DCIM/139APPLE/IMG_9686.HEIC,17/02/2023,17/02/2023
739,Media/DCIM/139APPLE/IMG_9687.HEIC,17/02/2023,17/02/2023
740,Media/DCIM/139APPLE/IMG_9688.HEIC,16/02/2023,16/02/2023
741,Media/DCIM/139APPLE/IMG_9689.HEIC,16/02/2023,16/02/2023
742,Media/DCIM/139APPLE/IMG_9691.MOV,16/02/2023,16/02/2023
743,Media/DCIM/139APPLE/IMG_9692.MOV,16/02/2023,16/02/2023
744,Media/DCIM/139APPLE/IMG_9693.HEIC,16/02/2023,16/02/2023
745,Media/DCIM/139APPLE/IMG_9695.MOV,16/02/2023,16/02/2023
746,Media/DCIM/139APPLE/IMG_9699.MOV,16/02/2023,16/02/2023
747,Media/DCIM/139APPLE/IMG_9700.HEIC,17/02/2023,17/02/2023
748,Media/DCIM/139APPLE/IMG_9700.MOV,17/02/2023,17/02/2023
749,Media/DCIM/139APPLE/IMG_9701.HEIC,17/02/2023,17/02/2023
750,Media/DCIM/139APPLE/IMG_9701.MOV,17/02/2023,17/02/2023
751,Media/DCIM/139APPLE/IMG_9702.HEIC,17/02/2023,17/02/2023
752,Media/DCIM/139APPLE/IMG_9702.MOV,17/02/2023,17/02/2023
753,Media/DCIM/139APPLE/IMG_9703.HEIC,17/02/2023,17/02/2023
754,Media/DCIM/139APPLE/IMG_9703.MOV,17/02/2023,17/02/2023
755,Media/DCIM/139APPLE/IMG_9704.HEIC,17/02/2023,17/02/2023
756,Media/DCIM/139APPLE/IMG_9704.MOV,17/02/2023,17/02/2023
757,Media/DCIM/139APPLE/IMG_9705.HEIC,17/02/2023,17/02/2023
758,Media/DCIM/139APPLE/IMG_9705.MOV,17/02/2023,17/02/2023
759,Media/DCIM/139APPLE/IMG_9706.HEIC,17/02/2023,17/02/2023
760,Media/DCIM/139APPLE/IMG_9706.MOV,17/02/2023,17/02/2023
761,Media/DCIM/139APPLE/IMG_9707.HEIC,17/02/2023,17/02/2023
762,Media/DCIM/139APPLE/IMG_9707.MOV,17/02/2023,17/02/2023
763,Media/DCIM/139APPLE/IMG_9708.MOV,17/02/2023,17/02/2023
764,Media/DCIM/139APPLE/IMG_9709.JPG,17/02/2023,17/02/2023
765,Media/DCIM/139APPLE/IMG_9710.PNG,17/02/2023,17/02/2023
766,Media/DCIM/139APPLE/IMG_9711.HEIC,17/02/2023,17/02/2023
767,Media/DCIM/139APPLE/IMG_9711.MOV,17/02/2023,17/02/2023
768,Media/DCIM/139APPLE/IMG_9712.HEIC,17/02/2023,17/02/2023
769,Media/DCIM/139APPLE/IMG_9712.MOV,17/02/2023,17/02/2023
770,Media/DCIM/139APPLE/IMG_9713.HEIC,17/02/2023,17/02/2023
771,Media/DCIM/139APPLE/IMG_9713.MOV,17/02/2023,17/02/2023
772,Media/DCIM/139APPLE/IMG_9714.HEIC,17/02/2023,17/02/2023
773,Media/DCIM/139APPLE/IMG_9714.MOV,17/02/2023,17/02/2023
774,Media/DCIM/139APPLE/IMG_9715.HEIC,17/02/2023,17/02/2023
775,Media/DCIM/139APPLE/IMG_9715.MOV,17/02/2023,17/02/2023
776,Media/DCIM/139APPLE/IMG_9716.HEIC,17/02/2023,17/02/2023
777,Media/DCIM/139APPLE/IMG_9716.MOV,17/02/2023,17/02/2023
778,Media/DCIM/139APPLE/IMG_9717.HEIC,17/02/2023,17/02/2023
779,Media/DCIM/139APPLE/IMG_9717.MOV,17/02/2023,17/02/2023
780,Media/DCIM/139APPLE/IMG_9718.HEIC,17/02/2023,17/02/2023
781,Media/DCIM/139APPLE/IMG_9718.MOV,17/02/2023,17/02/2023
782,Media/DCIM/139APPLE/IMG_9719.HEIC,17/02/2023,17/02/2023
783,Media/DCIM/139APPLE/IMG_9719.MOV,17/02/2023,17/02/2023
784,Media/DCIM/139APPLE/IMG_9720.HEIC,17/02/2023,17/02/2023
785,Media/DCIM/139APPLE/IMG_9720.MOV,17/02/2023,17/02/2023
786,Media/DCIM/139APPLE/IMG_9721.HEIC,17/02/2023,17/02/2023
787,Media/DCIM/139APPLE/IMG_9721.MOV,17/02/2023,17/02/2023
788,Media/DCIM/139APPLE/IMG_9722.HEIC,17/02/2023,17/02/2023
789,Media/DCIM/139APPLE/IMG_9722.MOV,17/02/2023,17/02/2023
790,Media/DCIM/139APPLE/IMG_9723.HEIC,17/02/2023,17/02/2023
791,Media/DCIM/139APPLE/IMG_9723.MOV,17/02/2023,17/02/2023
792,Media/DCIM/139APPLE/IMG_9724.HEIC,17/02/2023,17/02/2023
793,Media/DCIM/139APPLE/IMG_9724.MOV,17/02/2023,17/02/2023
794,Media/DCIM/139APPLE/IMG_9725.HEIC,17/02/2023,17/02/2023
795,Media/DCIM/139APPLE/IMG_9725.MOV,17/02/2023,17/02/2023
796,Media/DCIM/139APPLE/IMG_9726.HEIC,17/02/2023,17/02/2023
797,Media/DCIM/139APPLE/IMG_9726.MOV,17/02/2023,17/02/2023
798,Media/DCIM/139APPLE/IMG_9727.HEIC,17/02/2023,17/02/2023
799,Media/DCIM/139APPLE/IMG_9727.MOV,17/02/2023,17/02/2023
800,Media/DCIM/139APPLE/IMG_9728.HEIC,17/02/2023,17/02/2023
801,Media/DCIM/139APPLE/IMG_9728.MOV,17/02/2023,17/02/2023
802,Media/DCIM/139APPLE/IMG_9729.HEIC,17/02/2023,17/02/2023
803,Media/DCIM/139APPLE/IMG_9729.MOV,17/02/2023,17/02/2023
804,Media/DCIM/139APPLE/IMG_9730.HEIC,17/02/2023,17/02/2023
805,Media/DCIM/139APPLE/IMG_9730.MOV,17/02/2023,17/02/2023
806,Media/DCIM/139APPLE/IMG_9731.HEIC,17/02/2023,17/02/2023
807,Media/DCIM/139APPLE/IMG_9731.MOV,17/02/2023,17/02/2023
808,Media/DCIM/139APPLE/IMG_9732.HEIC,17/02/2023,17/02/2023
809,Media/DCIM/139APPLE/IMG_9732.MOV,17/02/2023,17/02/2023
810,Media/DCIM/139APPLE/IMG_9733.HEIC,17/02/2023,17/02/2023
811,Media/DCIM/139APPLE/IMG_9733.MOV,17/02/2023,17/02/2023
812,Media/DCIM/139APPLE/IMG_9734.HEIC,17/02/2023,17/02/2023
813,Media/DCIM/139APPLE/IMG_9734.MOV,17/02/2023,17/02/2023
814,Media/DCIM/139APPLE/IMG_9735.HEIC,17/02/2023,17/02/2023
815,Media/DCIM/139APPLE/IMG_9735.MOV,17/02/2023,17/02/2023
816,Media/DCIM/139APPLE/IMG_9736.HEIC,17/02/2023,17/02/2023
817,Media/DCIM/139APPLE/IMG_9736.MOV,17/02/2023,17/02/2023
818,Media/DCIM/139APPLE/IMG_9737.HEIC,17/02/2023,17/02/2023
819,Media/DCIM/139APPLE/IMG_9737.MOV,17/02/2023,17/02/2023
820,Media/DCIM/139APPLE/IMG_9738.HEIC,17/02/2023,17/02/2023
821,Media/DCIM/139APPLE/IMG_9738.MOV,17/02/2023,17/02/2023
822,Media/DCIM/139APPLE/IMG_9739.HEIC,17/02/2023,17/02/2023
823,Media/DCIM/139APPLE/IMG_9739.MOV,17/02/2023,17/02/2023
824,Media/DCIM/139APPLE/IMG_9740.HEIC,17/02/2023,17/02/2023
825,Media/DCIM/139APPLE/IMG_9740.MOV,17/02/2023,17/02/2023
826,Media/DCIM/139APPLE/IMG_9741.HEIC,17/02/2023,17/02/2023
827,Media/DCIM/139APPLE/IMG_9741.MOV,17/02/2023,17/02/2023
828,Media/DCIM/139APPLE/IMG_9742.HEIC,17/02/2023,17/02/2023
829,Media/DCIM/139APPLE/IMG_9742.MOV,17/02/2023,17/02/2023
830,Media/DCIM/139APPLE/IMG_9743.HEIC,17/02/2023,17/02/2023
831,Media/DCIM/139APPLE/IMG_9743.MOV,17/02/2023,17/02/2023
832,Media/DCIM/139APPLE/IMG_9744.HEIC,17/02/2023,17/02/2023
833,Media/DCIM/139APPLE/IMG_9744.MOV,17/02/2023,17/02/2023
834,Media/DCIM/139APPLE/IMG_9745.HEIC,17/02/2023,17/02/2023
835,Media/DCIM/139APPLE/IMG_9745.MOV,17/02/2023,17/02/2023
836,Media/DCIM/139APPLE/IMG_9746.HEIC,17/02/2023,17/02/2023
837,Media/DCIM/139APPLE/IMG_9746.MOV,17/02/2023,17/02/2023
838,Media/DCIM/139APPLE/IMG_9747.HEIC,17/02/2023,17/02/2023
839,Media/DCIM/139APPLE/IMG_9747.MOV,17/02/2023,17/02/2023
840,Media/DCIM/139APPLE/IMG_9748.HEIC,17/02/2023,17/02/2023
841,Media/DCIM/139APPLE/IMG_9748.MOV,17/02/2023,17/02/2023
842,Media/DCIM/139APPLE/IMG_9749.HEIC,17/02/2023,17/02/2023
843,Media/DCIM/139APPLE/IMG_9749.MOV,17/02/2023,17/02/2023
844,Media/DCIM/139APPLE/IMG_9750.HEIC,17/02/2023,17/02/2023
845,Media/DCIM/139APPLE/IMG_9750.MOV,17/02/2023,17/02/2023
846,Media/DCIM/139APPLE/IMG_9751.HEIC,17/02/2023,17/02/2023
847,Media/DCIM/139APPLE/IMG_9751.MOV,17/02/2023,17/02/2023
848,Media/DCIM/139APPLE/IMG_9752.HEIC,17/02/2023,17/02/2023
849,Media/DCIM/139APPLE/IMG_9752.MOV,17/02/2023,17/02/2023
850,Media/DCIM/139APPLE/IMG_9753.HEIC,17/02/2023,17/02/2023
851,Media/DCIM/139APPLE/IMG_9753.MOV,17/02/2023,17/02/2023
852,Media/DCIM/139APPLE/IMG_9754.HEIC,17/02/2023,17/02/2023
853,Media/DCIM/139APPLE/IMG_9754.MOV,17/02/2023,17/02/2023
854,Media/DCIM/139APPLE/IMG_9755.HEIC,17/02/2023,17/02/2023
855,Media/DCIM/139APPLE/IMG_9755.MOV,17/02/2023,17/02/2023
856,Media/DCIM/139APPLE/IMG_9756.HEIC,17/02/2023,17/02/2023
857,Media/DCIM/139APPLE/IMG_9756.MOV,17/02/2023,17/02/2023
858,Media/DCIM/139APPLE/IMG_9757.HEIC,17/02/2023,17/02/2023
859,Media/DCIM/139APPLE/IMG_9757.MOV,17/02/2023,17/02/2023
860,Media/DCIM/139APPLE/IMG_9758.HEIC,17/02/2023,17/02/2023
861,Media/DCIM/139APPLE/IMG_9758.MOV,17/02/2023,17/02/2023
862,Media/DCIM/139APPLE/IMG_9759.HEIC,17/02/2023,17/02/2023
863,Media/DCIM/139APPLE/IMG_9759.MOV,17/02/2023,17/02/2023
864,Media/DCIM/139APPLE/IMG_9760.HEIC,17/02/2023,17/02/2023
865,Media/DCIM/139APPLE/IMG_9760.MOV,17/02/2023,17/02/2023
866,Media/DCIM/139APPLE/IMG_9761.HEIC,17/02/2023,17/02/2023
867,Media/DCIM/139APPLE/IMG_9761.MOV,17/02/2023,17/02/2023
868,Media/DCIM/139APPLE/IMG_9762.HEIC,17/02/2023,17/02/2023
869,Media/DCIM/139APPLE/IMG_9762.MOV,17/02/2023,17/02/2023
870,Media/DCIM/139APPLE/IMG_9763.HEIC,17/02/2023,17/02/2023
871,Media/DCIM/139APPLE/IMG_9763.MOV,17/02/2023,17/02/2023
872,Media/DCIM/139APPLE/IMG_9764.HEIC,17/02/2023,17/02/2023
873,Media/DCIM/139APPLE/IMG_9764.MOV,17/02/2023,17/02/2023
874,Media/DCIM/139APPLE/IMG_9765.HEIC,17/02/2023,17/02/2023
875,Media/DCIM/139APPLE/IMG_9765.MOV,17/02/2023,17/02/2023
876,Media/DCIM/139APPLE/IMG_9766.MOV,17/02/2023,17/02/2023
877,Media/DCIM/139APPLE/IMG_9767.HEIC,17/02/2023,17/02/2023
878,Media/DCIM/139APPLE/IMG_9768.HEIC,17/02/2023,17/02/2023
879,Media/DCIM/139APPLE/IMG_9769.HEIC,17/02/2023,17/02/2023
880,Media/DCIM/139APPLE/IMG_9770.HEIC,17/02/2023,17/02/2023
881,Media/DCIM/139APPLE/IMG_9771.HEIC,17/02/2023,17/02/2023
882,Media/DCIM/139APPLE/IMG_9771.MOV,17/02/2023,17/02/2023
883,Media/DCIM/139APPLE/IMG_9772.PNG,17/02/2023,17/02/2023
884,Media/DCIM/139APPLE/IMG_9773.PNG,17/02/2023,17/02/2023
885,Media/DCIM/139APPLE/IMG_9774.PNG,17/02/2023,17/02/2023
886,Media/DCIM/139APPLE/IMG_9775.PNG,17/02/2023,17/02/2023
887,Media/DCIM/139APPLE/IMG_9776.PNG,17/02/2023,17/02/2023
888,Media/DCIM/139APPLE/IMG_9777.HEIC,17/02/2023,17/02/2023
889,Media/DCIM/139APPLE/IMG_9777.MOV,17/02/2023,17/02/2023
890,Media/DCIM/139APPLE/IMG_9778.HEIC,17/02/2023,17/02/2023
891,Media/DCIM/139APPLE/IMG_9778.MOV,17/02/2023,17/02/2023
892,Media/DCIM/139APPLE/IMG_9779.HEIC,17/02/2023,17/02/2023
893,Media/DCIM/139APPLE/IMG_9779.MOV,17/02/2023,17/02/2023
894,Media/DCIM/139APPLE/IMG_9780.HEIC,17/02/2023,17/02/2023
895,Media/DCIM/139APPLE/IMG_9780.MOV,17/02/2023,17/02/2023
896,Media/DCIM/139APPLE/IMG_9781.HEIC,17/02/2023,17/02/2023
897,Media/DCIM/139APPLE/IMG_9781.MOV,17/02/2023,17/02/2023
898,Media/DCIM/139APPLE/IMG_9782.HEIC,17/02/2023,17/02/2023
899,Media/DCIM/139APPLE/IMG_9782.MOV,17/02/2023,17/02/2023
900,Media/DCIM/139APPLE/IMG_9783.HEIC,17/02/2023,17/02/2023
901,Media/DCIM/139APPLE/IMG_9783.MOV,17/02/2023,17/02/2023
902,Media/DCIM/139APPLE/IMG_9784.HEIC,17/02/2023,17/02/2023
903,Media/DCIM/139APPLE/IMG_9784.MOV,17/02/2023,17/02/2023
904,Media/DCIM/139APPLE/IMG_9785.HEIC,17/02/2023,17/02/2023
905,Media/DCIM/139APPLE/IMG_9785.MOV,17/02/2023,17/02/2023
906,Media/DCIM/139APPLE/IMG_9786.HEIC,17/02/2023,17/02/2023
907,Media/DCIM/139APPLE/IMG_9786.MOV,17/02/2023,17/02/2023
908,Media/DCIM/139APPLE/IMG_9787.HEIC,17/02/2023,17/02/2023
909,Media/DCIM/139APPLE/IMG_9787.MOV,17/02/2023,17/02/2023
910,Media/DCIM/139APPLE/IMG_9788.HEIC,17/02/2023,17/02/2023
911,Media/DCIM/139APPLE/IMG_9788.MOV,17/02/2023,17/02/2023
912,Media/DCIM/139APPLE/IMG_9789.HEIC,17/02/2023,17/02/2023
913,Media/DCIM/139APPLE/IMG_9789.MOV,17/02/2023,17/02/2023
914,Media/DCIM/139APPLE/IMG_9790.HEIC,17/02/2023,17/02/2023
915,Media/DCIM/139APPLE/IMG_9790.MOV,17/02/2023,17/02/2023
916,Media/DCIM/139APPLE/IMG_9791.HEIC,17/02/2023,17/02/2023
917,Media/DCIM/139APPLE/IMG_9791.MOV,17/02/2023,17/02/2023
918,Media/DCIM/139APPLE/IMG_9792.HEIC,17/02/2023,17/02/2023
919,Media/DCIM/139APPLE/IMG_9792.MOV,17/02/2023,17/02/2023
920,Media/DCIM/139APPLE/IMG_9793.HEIC,17/02/2023,17/02/2023
921,Media/DCIM/139APPLE/IMG_9793.MOV,17/02/2023,17/02/2023
922,Media/DCIM/139APPLE/IMG_9794.MOV,17/02/2023,17/02/2023
923,Media/DCIM/139APPLE/IMG_9795.HEIC,17/02/2023,17/02/2023
924,Media/DCIM/139APPLE/IMG_9795.MOV,17/02/2023,17/02/2023
925,Media/DCIM/139APPLE/IMG_9796.HEIC,17/02/2023,17/02/2023
926,Media/DCIM/139APPLE/IMG_9796.MOV,17/02/2023,17/02/2023
927,Media/DCIM/139APPLE/IMG_9797.HEIC,17/02/2023,17/02/2023
928,Media/DCIM/139APPLE/IMG_9797.MOV,17/02/2023,17/02/2023
929,Media/DCIM/139APPLE/IMG_9798.HEIC,17/02/2023,17/02/2023
930,Media/DCIM/139APPLE/IMG_9798.MOV,17/02/2023,17/02/2023
931,Media/DCIM/139APPLE/IMG_9799.HEIC,17/02/2023,17/02/2023
932,Media/DCIM/139APPLE/IMG_9799.MOV,17/02/2023,17/02/2023
933,Media/DCIM/139APPLE/IMG_9800.HEIC,17/02/2023,17/02/2023
934,Media/DCIM/139APPLE/IMG_9800.MOV,17/02/2023,17/02/2023
935,Media/DCIM/139APPLE/IMG_9801.HEIC,17/02/2023,17/02/2023
936,Media/DCIM/139APPLE/IMG_9801.MOV,17/02/2023,17/02/2023
937,Media/DCIM/139APPLE/IMG_9802.HEIC,17/02/2023,17/02/2023
938,Media/DCIM/139APPLE/IMG_9802.MOV,17/02/2023,17/02/2023
939,Media/DCIM/139APPLE/IMG_9803.HEIC,17/02/2023,17/02/2023
940,Media/DCIM/139APPLE/IMG_9803.MOV,17/02/2023,17/02/2023
941,Media/DCIM/139APPLE/IMG_9804.HEIC,17/02/2023,17/02/2023
942,Media/DCIM/139APPLE/IMG_9804.MOV,17/02/2023,17/02/2023
943,Media/DCIM/139APPLE/IMG_9805.HEIC,17/02/2023,17/02/2023
944,Media/DCIM/139APPLE/IMG_9805.MOV,17/02/2023,17/02/2023
945,Media/DCIM/139APPLE/IMG_9806.HEIC,17/02/2023,17/02/2023
946,Media/DCIM/139APPLE/IMG_9806.MOV,17/02/2023,17/02/2023
947,Media/DCIM/139APPLE/IMG_9807.MOV,17/02/2023,17/02/2023
948,Media/DCIM/139APPLE/IMG_9808.HEIC,18/02/2023,18/02/2023
949,Media/DCIM/139APPLE/IMG_9808.MOV,18/02/2023,18/02/2023
950,Media/DCIM/139APPLE/IMG_9809.HEIC,18/02/2023,18/02/2023
951,Media/DCIM/139APPLE/IMG_9809.MOV,18/02/2023,18/02/2023
952,Media/DCIM/139APPLE/IMG_9810.HEIC,18/02/2023,18/02/2023
953,Media/DCIM/139APPLE/IMG_9810.MOV,18/02/2023,18/02/2023
954,Media/DCIM/139APPLE/IMG_9811.HEIC,18/02/2023,18/02/2023
955,Media/DCIM/139APPLE/IMG_9811.MOV,18/02/2023,18/02/2023
956,Media/DCIM/139APPLE/IMG_9812.HEIC,18/02/2023,18/02/2023
957,Media/DCIM/139APPLE/IMG_9812.MOV,18/02/2023,18/02/2023
958,Media/DCIM/139APPLE/IMG_9813.HEIC,18/02/2023,18/02/2023
959,Media/DCIM/139APPLE/IMG_9813.MOV,18/02/2023,18/02/2023
960,Media/DCIM/139APPLE/IMG_9814.HEIC,18/02/2023,18/02/2023
961,Media/DCIM/139APPLE/IMG_9814.MOV,18/02/2023,18/02/2023
962,Media/DCIM/139APPLE/IMG_9815.HEIC,18/02/2023,18/02/2023
963,Media/DCIM/139APPLE/IMG_9816.HEIC,18/02/2023,18/02/2023
964,Media/DCIM/139APPLE/IMG_9817.HEIC,18/02/2023,18/02/2023
965,Media/DCIM/139APPLE/IMG_9818.HEIC,18/02/2023,18/02/2023
966,Media/DCIM/139APPLE/IMG_9819.HEIC,18/02/2023,18/02/2023
967,Media/DCIM/139APPLE/IMG_9820.HEIC,18/02/2023,18/02/2023
968,Media/DCIM/139APPLE/IMG_9820.MOV,18/02/2023,18/02/2023
969,Media/DCIM/139APPLE/IMG_9821.HEIC,18/02/2023,18/02/2023
970,Media/DCIM/139APPLE/IMG_9821.MOV,18/02/2023,18/02/2023
971,Media/DCIM/139APPLE/IMG_9822.HEIC,18/02/2023,18/02/2023
972,Media/DCIM/139APPLE/IMG_9822.MOV,18/02/2023,18/02/2023
973,Media/DCIM/139APPLE/IMG_9823.HEIC,18/02/2023,18/02/2023
974,Media/DCIM/139APPLE/IMG_9823.MOV,18/02/2023,18/02/2023
975,Media/DCIM/139APPLE/IMG_9824.HEIC,18/02/2023,18/02/2023
976,Media/DCIM/139APPLE/IMG_9824.MOV,18/02/2023,18/02/2023
977,Media/DCIM/139APPLE/IMG_9825.HEIC,18/02/2023,18/02/2023
978,Media/DCIM/139APPLE/IMG_9825.MOV,18/02/2023,18/02/2023
979,Media/DCIM/139APPLE/IMG_9826.HEIC,18/02/2023,18/02/2023
980,Media/DCIM/139APPLE/IMG_9826.MOV,18/02/2023,18/02/2023
981,Media/DCIM/139APPLE/IMG_9827.HEIC,18/02/2023,18/02/2023
982,Media/DCIM/139APPLE/IMG_9827.MOV,18/02/2023,18/02/2023
983,Media/DCIM/139APPLE/IMG_9828.HEIC,18/02/2023,18/02/2023
984,Media/DCIM/139APPLE/IMG_9828.MOV,18/02/2023,18/02/2023
985,Media/DCIM/139APPLE/IMG_9829.HEIC,18/02/2023,18/02/2023
986,Media/DCIM/139APPLE/IMG_9829.MOV,18/02/2023,18/02/2023
987,Media/DCIM/139APPLE/IMG_9830.HEIC,18/02/2023,18/02/2023
988,Media/DCIM/139APPLE/IMG_9830.MOV,18/02/2023,18/02/2023
989,Media/DCIM/139APPLE/IMG_9831.HEIC,18/02/2023,18/02/2023
990,Media/DCIM/139APPLE/IMG_9831.MOV,18/02/2023,18/02/2023
