id,url,domain_expansion,visit_count,daily_visit_counts,weekly_visit_counts,autocomplete_triggers,should_recompute_derived_visit_counts,visit_count_score,status_code
14158,https://www.google.es/search?q=traductor+google&ie=UTF-8&oe=UTF-8&hl=es-es&client=safari,,2,b'd\x00\x00\x00',,,0,100,200
14753,https://www.google.es/search?q=olga+camargo+opiniones&ie=UTF-8&oe=UTF-8&hl=es-es&client=safari,,11,b'd\x00\x00\x00\x00\x00\x00\x00\x00\x00\x00\x00d\x00\x00\x00d\x00\x00\x00\x00\x00\x00\x00\x00\x00\x00\x00\x00\x00\x00\x00\x00\x00\x00\x00\x00\x00\x00\x00d\x00\x00\x00\xa0\x00\x00\x00',,,0,560,200
14754,"https://www.google.es/search?q=olga+camargo+opiniones&ie=UTF-8&oe=UTF-8&hl=es-es&client=safari#lkt=LocalPoiReviews&trex=m_t:lcl_akp,rc_ludocids:6208548559626866138,rc_q:olga%2520camargo%2520opiniones,ru_gwp:0%252C7,ru_q:olga%2520camargo%2520opiniones,trex_id:WoFCN",,4,b'\x00\x00\x00\x00\x00\x00\x00\x00\x00\x00\x00\x00\x00\x00\x00\x00\x00\x00\x00\x00\x00\x00\x00\x00\x00\x00\x00\x00\x00\x00\x00\x00\x00\x00\x00\x00\x00\x00\x00\x00d\x00\x00\x00\xa0\x00\x00\x00',,,0,260,200
14755,"https://www.google.es/search?q=olga+camargo+opiniones&ie=UTF-8&oe=UTF-8&hl=es-es&client=safari#lkt=LocalPoiReviews&trex=m_t:lcl_akp,rc_ludocids:6208548559626866138,rc_q:olga%2520camargo%2520opiniones,ru_gwp:0%252C7,ru_q:olga%2520camargo%2520opiniones,trex_id:WoFCN&lpg=cid:CgIgAQ%3D%3D",,19,b'\x00\x00\x00\x00\x00\x00\x00\x00\x00\x00\x00\x00\x00\x00\x00\x00\x00\x00\x00\x00\x00\x00\x00\x00\x00\x00\x00\x00\x00\x00\x00\x00\x00\x00\x00\x00d\x00\x00\x00\xa0\x00\x00\x00',,,0,260,200
14830,https://vilarovira.com/instituto-del-pelo/,vilarovira,5,b'd\x00\x00\x00\x00\x00\x00\x00\x00\x00\x00\x00\x00\x00\x00\x00\x00\x00\x00\x00\x00\x00\x00\x00\x00\x00\x00\x00\x00\x00\x00\x00\xc8\x00\x00\x00\x00\x00\x00\x00\x00\x00\x00\x00\x00\x00\x00\x00',b'\x00\x00\x00\x00\x00\x00\x00\x00\x00\x00\x00\x00\xa0\x00\x00\x00',"b'bplist00\xa1\x01_\x10\x15institut vila rovira \x08\n\x00\x00\x00\x00\x00\x00\x01\x01\x00\x00\x00\x00\x00\x00\x00\x02\x00\x00\x00\x00\x00\x00\x00\x00\x00\x00\x00\x00\x00\x00\x00""'",0,460,200
15053,https://www.google.es/search?q=olga+camargo&ie=UTF-8&oe=UTF-8&hl=es-es&client=safari,,7,b'd\x00\x00\x00\x00\x00\x00\x00d\x00\x00\x00\x00\x00\x00\x00\x00\x00\x00\x00\x00\x00\x00\x00\x00\x00\x00\x00d\x00\x00\x00',,,0,300,200
15055,https://www.google.es/search?q=olga+camargo&ie=UTF-8&oe=UTF-8&hl=es-es&client=safari#wptab=s:H4sIAAAAAAAAAONgVuLVT9c3NEwySzHIMc4xe8RowS3w8sc9YSn9SWtOXmPU5OIKzsgvd80rySypFJLmYoOyBKX4uVB18uxi4vfJT07MCcjPDEoty0wtL17EKpqfk56okJyYm1iUnq9QlFqcenhjYjEABTp24XYAAAA,,3,b'd\x00\x00\x00\x00\x00\x00\x00d\x00\x00\x00\x00\x00\x00\x00\x00\x00\x00\x00\x00\x00\x00\x00\x00\x00\x00\x00d\x00\x00\x00',,,1,200,200
15136,https://www.yelmocines.es/,,1,b'd\x00\x00\x00',,,0,100,200
15169,https://www.inpost.es/buscar-el-punto-pack-mas-cercano/,,1,b'd\x00\x00\x00\x00\x00\x00\x00d\x00\x00\x00\x00\x00\x00\x00\x00\x00\x00\x00\x00\x00\x00\x00\x00\x00\x00\x00d\x00\x00\x00',,,0,300,200
15181,https://yelmocines.es/cartelera-vo/madrid,,2,b'\x04\x01\x00\x00',,,1,160,200
15182,https://www.google.es/search?q=cine+yelmo+reclamaciones&ie=UTF-8&oe=UTF-8&hl=es-es&client=safari,,2,b'd\x00\x00\x00',,,0,100,200
15183,https://www.ocu.org/reclamar/empresas/yelmo-cines/400000064,,1,b'd\x00\x00\x00',,,0,100,200
15184,https://www.google.es/search?client=safari&hl=es-es&sxsrf=AJOqlzWGKILMie9oHSahgPbCoEDCX6KUkg:1674058548611&q=Devoluci%C3%B3n+entradas+yelmo+cines&sa=X&ved=2ahUKEwiB2P2IwtH8AhWhTOUKHXImDFAQ1QJ6BAhHEAE&biw=414&bih=796&dpr=2,,2,b'd\x00\x00\x00',,,0,100,200
15185,https://www.ocu.org/reclamar/lista-reclamaciones-publicas/reclamacion-publica?referenceid=CPTES01147889-88,,1,b'd\x00\x00\x00',,,0,100,200
15186,https://www.consumidorglobal.com/noticias/noticias-servicios/comprar-entradas-yelmo-cines-nunca-lleguen-recuperar-dinero-desesperante_4453_102_amp.html,consumidorglobal,2,b'd\x00\x00\x00',,,0,100,200
15187,https://yelmocines.es/queremos-escucharte,,3,b'}\x00\x00\x00',,,0,125,200
15188,https://programamia.lt.acemlna.com/Prod/link-tracker?redirectUrl=aHR0cHMlM0ElMkYlMkZwcm9ncmFtYW1pYS5jb20lMkY=&sig=4UW6N83BcCdCfQGYR7DDjvh79U59jGMNTnLZsmRSKnjt&iat=1673810107&a=%7C%7C90355734%7C%7C&account=programamia%2Eactivehosted%2Ecom&email=1itKTRWJm2GH8%2FxPl066iKyPUFd7JHyq9acdSgULWaM%3D&s=0a09222bd8552ee8d3199736ecd8c51f&i=1980A2883A9A12399,programamia.lt.acemlna,1,b'd\x00\x00\x00',,,0,100,200
15189,https://programamia.com/?vgo_ee=1itKTRWJm2GH8%2FxPl066iKyPUFd7JHyq9acdSgULWaM%3D,programamia,1,b'd\x00\x00\x00',,,0,100,200
15190,https://programamia.com/,programamia,1,b'\x00\x00\x00\x00',,,0,0,200
15191,https://forms.gle/FW2XUaATwGMi74N38,,1,b'd\x00\x00\x00',,,0,100,200
15192,https://docs.google.com/forms/d/e/1FAIpQLSclKTGh8_Yv6_BCoQLR7kkXtc-oZ5tWWyqkBBvxLMV_vYfp0w/viewform?usp=send_form,docs.google,2,b'd\x00\x00\x00',,,0,100,200
15193,https://docs.google.com/forms/d/e/1FAIpQLSclKTGh8_Yv6_BCoQLR7kkXtc-oZ5tWWyqkBBvxLMV_vYfp0w/viewform,docs.google,1,b'\x00\x00\x00\x00',,,0,0,200
15194,https://docs.google.com/forms/d/e/1FAIpQLSclKTGh8_Yv6_BCoQLR7kkXtc-oZ5tWWyqkBBvxLMV_vYfp0w/viewform?fbzx=1931793923662034500,docs.google,1,b'\x00\x00\x00\x00',,,0,0,200
15195,https://docs.google.com/forms/u/0/d/e/1FAIpQLSclKTGh8_Yv6_BCoQLR7kkXtc-oZ5tWWyqkBBvxLMV_vYfp0w/formResponse,docs.google,5,b'}\x00\x00\x00',,,0,125,200
15196,https://docs.google.com/forms/d/e/1FAIpQLSclKTGh8_Yv6_BCoQLR7kkXtc-oZ5tWWyqkBBvxLMV_vYfp0w/formResponse,docs.google,1,b'\x00\x00\x00\x00',,,0,0,200
15197,https://www.google.es/search?q=la+isla+de+las+tentaciones+6&ie=UTF-8&oe=UTF-8&hl=es-es&client=safari,,12,b'd\x00\x00\x00\x00\x00\x00\x00\x00\x00\x00\x00\x00\x00\x00\x00\x00\x00\x00\x00\x00\x00\x00\x00d\x00\x00\x00\x00\x00\x00\x00\x00\x00\x00\x00\x00\x00\x00\x00\x00\x00\x00\x00',"b'd\x00\x00\x00,\x01\x00\x00'",,0,600,200
15198,https://www.telecinco.es/la-isla-de-las-tentaciones/a-la-carta/20230118/ver-rumbo-isla-tentaciones-completo_18_08489734.html?amp=true,,5,b'd\x00\x00\x00\x00\x00\x00\x00d\x00\x00\x00',,,0,200,200
15199,https://adclick.g.doubleclick.net/pcs/click?xai=AKAOjssxBGZ8uxU13C_d9e4UAvKzFRoHTG4AguronDSoziMuDbFVMr_3makf4FTR-hOOITqxz-MBvguuo9QleL6Yi_DHETXBREJb5GXbiOyexcHU_2mgHflDQDD2cAlF1H57POq0P8LulpkReGNNIGs0-GGe7Sofhw&sai=AMfl-YQvYLPCLwT-4Sx7NSpQFqBcBIl06dZd2yFsVigMIDctEH6Rj6s4p9NLjyop2I6DOt25GVwClZcjCkuUTEaLjg&sig=Cg0ArKJSzARaA0Ra1ZZ_EAE&cry=1&fbs_aeid=[gw_fbsaeid]&urlfix=1&adurl=https://www.kelloggs.es/es_ES/brands/special-k-consumer-brand.html,,1,b'd\x00\x00\x00',,,0,100,200
15200,https://www.kelloggs.es/es_ES/brands/special-k-consumer-brand.html,,3,b'd\x00\x00\x00\x00\x00\x00\x00\x00\x00\x00\x00\x00\x00\x00\x00\x00\x00\x00\x00\x00\x00\x00\x00\x00\x00\x00\x00d\x00\x00\x00\x00\x00\x00\x00\x00\x00\x00\x00\x00\x00\x00\x00\x00\x00\x00\x00',b'd\x00\x00\x00',,0,300,200
15201,https://espanadiario.tips/consejos/nueva-jornada-laboral-sin-reduccion-sueldo,,1,b'd\x00\x00\x00',,,0,100,200
15202,https://www.google.com/url?q=https://epl.paypal-communication.com/T/v600000185cef3a3f4a28f0a6e965fc958/898912cfca424fa40000021ef3a0bcc4/898912cf-ca42-4fa4-8d36-5ee8412545d1?__dU__%3Dv0G4RBKTXg2GtDSXU69hUjn5RqR7EEyYkx&source=gmail&ust=1674305522326000&usg=AOvVaw37XIm2z13QXwx7TkJTVfKq&rct=i,google,1,b'd\x00\x00\x00',,,0,100,200
15203,https://www.paypal.com/es/signin?utm_source=epsilon&utm_campaign=T_OW_EM_TR_HR_NI_NI_202011_77331_Spain_ES_High_Risk_ES_ES_es_ES&utm_medium=email,paypal,1,b'd\x00\x00\x00',,,0,100,200
15204,https://www.paypal.com/signin?utm_source=epsilon&utm_campaign=T_OW_EM_TR_HR_NI_NI_202011_77331_Spain_ES_High_Risk_ES_ES_es_ES&utm_medium=email,paypal,1,b'd\x00\x00\x00',,,0,100,200
15205,https://www.paypal.com/authflow/entry/?returnUri=%2Fsignin%2Freturn%3FflowFrom%3Danw-stepup%26ctxId%3Dstep_up94e105cbbc664559a85b4583bbf2970d&country.x=ES&locale.x=es_ES&acnw_dep=ul&stepupContext=63e126c5bc67482a77f7b9c9264044f8&ctxId=step_up94e105cbbc664559a85b4583bbf2970d,paypal,1,b'd\x00\x00\x00',,,0,100,200
15206,https://www.paypal.com/authflow/challenges/pn/?acnw_dep=ul&country.x=ES&ctxId=step_up94e105cbbc664559a85b4583bbf2970d&locale.x=es_ES&returnUri=%2Fsignin%2Freturn%3FflowFrom%3Danw-stepup%26ctxId%3Dstep_up94e105cbbc664559a85b4583bbf2970d&stepupContext=63e126c5bc67482a77f7b9c9264044f8,paypal,1,b'\x00\x00\x00\x00',,,0,0,200
15207,https://www.paypal.com/authflow/done/?returnUri=%2Fsignin%2Freturn%3FflowFrom%3Danw-stepup%26ctxId%3Dstep_up94e105cbbc664559a85b4583bbf2970d,paypal,1,b'\x00\x00\x00\x00',,,0,0,200
15208,https://www.google.es/search?q=javo+dog+sbadell&ie=UTF-8&oe=UTF-8&hl=es-es&client=safari,,2,b'd\x00\x00\x00',,,0,100,200
15209,https://www.google.es/search?q=triaction+by+triumph&ie=UTF-8&oe=UTF-8&hl=es-es&client=safari,,2,b'd\x00\x00\x00',,,0,100,200
15210,https://www.googleadservices.com/pagead/aclk?sa=L&ai=DChcSEwjVguCCq9n8AhUUrXcKHSkSB64YABAOGgJlZg&ae=2&ohost=www.google.es&cid=CAESaOD2SijLwGPACrMJq4A2_9Y5IZEwQJc1KYKZMsWb7cbvGHh8mPaogvtFGTFi0VEmUYFRshK6dsDUQUh6Dz19t88ypfXt34ERkPlBSEjeUrmFIF4oH1g6lYEDaG7Rotu-AMrhIXG5XkWr&sig=AOD64_02iQKRIQoP4NxqeN0ijx2Xq3Y-5A&ctype=5&q=&ved=2ahUKEwjxrNiCq9n8AhVJ2qQKHQN-C4QQwg8oAHoECAcQCw&nis=2&dct=1&adurl=,googleadservices,1,b'd\x00\x00\x00',,,0,100,200
15211,https://es.triumph.com/sujetador-deportivo-sin-aros/triaction-wellness/10184765.html?color=0004_Black&gclid=Cj0KCQiAt66eBhCnARIsAKf3ZNFSMQLRYU8gN3JRqwjYQaDnwlCUpRq4G1qxI0z2XSaHrYdbp4Zkq-kaAoltEALw_wcB,es.triumph,1,b'd\x00\x00\x00',,,0,100,200
15212,https://www.google.es/search?q=viladecans+outlet&client=safari&hl=es-es&sxsrf=AJOqlzUowFJnFmnK-i16oXfKVn5g8ZLIgA%3A1674335281501&ei=MVTMY_yQHpedkdUP-K2q4Aw&oq=viladecans&gs_lcp=ChNtb2JpbGUtZ3dzLXdpei1zZXJwEAEYADINCAAQgAQQsQMQgwEQCjINCC4QgwEQsQMQgAQQCjINCC4QgAQQxwEQrwEQCjIHCAAQgAQQCjIHCAAQgAQQCjINCC4QgAQQxwEQrwEQCjINCC4QgAQQxwEQrwEQCjINCC4QgAQQxwEQrwEQCjoKCAAQRxDWBBCwAzoHCAAQsAMQQzoNCC4QxwEQ0QMQsAMQQzoHCCMQ6gIQJzoECCMQJzoFCAAQgAQ6EAguELEDEIMBEMcBENEDEEM6CwguEIAEEMcBENEDOhEILhCABBCxAxCDARDHARDRAzoICAAQgAQQsQM6CAguELEDEIMBOgsIABCABBCxAxCDAToOCC4QgAQQsQMQgwEQ1AI6CwguEIAEEMcBEK8BOgsILhCABBCxAxDUAjoICAAQsQMQgwE6CwguEIAEELEDEIMBOhEILhCDARCvARDHARCxAxCABDoLCC4QgwEQsQMQgARKBAhBGABQsC5Yvzxg6UFoA3AAeACAAcgBiAHiC5IBBTAuOS4xmAEAoAEBsAEPyAEKwAEB&sclient=mobile-gws-wiz-serp,,4,b'}\x00\x00\x00',,,0,125,200
15213,https://www.google.es/search?q=viladecans+outlet&client=safari&hl=es-es&sxsrf=AJOqlzUowFJnFmnK-i16oXfKVn5g8ZLIgA%3A1674335281501&ei=MVTMY_yQHpedkdUP-K2q4Aw&oq=viladecans&gs_lcp=ChNtb2JpbGUtZ3dzLXdpei1zZXJwEAEYADINCAAQgAQQsQMQgwEQCjINCC4QgwEQsQMQgAQQCjINCC4QgAQQxwEQrwEQCjIHCAAQgAQQCjIHCAAQgAQQCjINCC4QgAQQxwEQrwEQCjINCC4QgAQQxwEQrwEQCjINCC4QgAQQxwEQrwEQCjoKCAAQRxDWBBCwAzoHCAAQsAMQQzoNCC4QxwEQ0QMQsAMQQzoHCCMQ6gIQJzoECCMQJzoFCAAQgAQ6EAguELEDEIMBEMcBENEDEEM6CwguEIAEEMcBENEDOhEILhCABBCxAxCDARDHARDRAzoICAAQgAQQsQM6CAguELEDEIMBOgsIABCABBCxAxCDAToOCC4QgAQQsQMQgwEQ1AI6CwguEIAEEMcBEK8BOgsILhCABBCxAxDUAjoICAAQsQMQgwE6CwguEIAEELEDEIMBOhEILhCDARCvARDHARCxAxCABDoLCC4QgwEQsQMQgARKBAhBGABQsC5Yvzxg6UFoA3AAeACAAcgBiAHiC5IBBTAuOS4xmAEAoAEBsAEPyAEKwAEB&sclient=mobile-gws-wiz-serp#wptab=s:H4sIAAAAAAAAAONgVuLVT9c3NEw2NTU3KDYyecRowS3w8sc9YSn9SWtOXmPU5OIKzsgvd80rySypFJLmYoOyBKX4uVB18uxi4vPJT07MCcjPDMjIL8kvXsSqVJaZk5iSmpyYV6xQkpGqUFxSmZOqkF9akpNaUqyQBlIEAMF-ERCCAAAA,,1,b'\x00\x00\x00\x00',,,0,0,200
15214,https://www.google.es/search?q=viladecans+outlet&client=safari&hl=es-es&sxsrf=AJOqlzUowFJnFmnK-i16oXfKVn5g8ZLIgA%3A1674335281501&ei=MVTMY_yQHpedkdUP-K2q4Aw&oq=viladecans&gs_lcp=ChNtb2JpbGUtZ3dzLXdpei1zZXJwEAEYADINCAAQgAQQsQMQgwEQCjINCC4QgwEQsQMQgAQQCjINCC4QgAQQxwEQrwEQCjIHCAAQgAQQCjIHCAAQgAQQCjINCC4QgAQQxwEQrwEQCjINCC4QgAQQxwEQrwEQCjINCC4QgAQQxwEQrwEQCjoKCAAQRxDWBBCwAzoHCAAQsAMQQzoNCC4QxwEQ0QMQsAMQQzoHCCMQ6gIQJzoECCMQJzoFCAAQgAQ6EAguELEDEIMBEMcBENEDEEM6CwguEIAEEMcBENEDOhEILhCABBCxAxCDARDHARDRAzoICAAQgAQQsQM6CAguELEDEIMBOgsIABCABBCxAxCDAToOCC4QgAQQsQMQgwEQ1AI6CwguEIAEEMcBEK8BOgsILhCABBCxAxDUAjoICAAQsQMQgwE6CwguEIAEELEDEIMBOhEILhCDARCvARDHARCxAxCABDoLCC4QgwEQsQMQgARKBAhBGABQsC5Yvzxg6UFoA3AAeACAAcgBiAHiC5IBBTAuOS4xmAEAoAEBsAEPyAEKwAEB&sclient=mobile-gws-wiz-serp#wptab=s:H4sIAAAAAAAAAONgVuLVT9c3NEw2NTU3KDYyecRowS3w8sc9YSn9SWtOXmPU5OIKzsgvd80rySypFJLmYoOyBKX4uVB18uxi4vPJT07MCcjPDMjIL8kvXsSqVJaZk5iSmpyYV6xQkpGqUFxSmZOqkF9akpNaUqyQBlIEAMF-ERCCAAAA&lpg=cid:CgIgAQ%3D%3D,,1,b'\x00\x00\x00\x00',,,0,0,200
15215,https://viladecans.thestyleoutlets.es/es/marcas,,1,b'd\x00\x00\x00',,,0,100,200
15216,https://viladecans.thestyleoutlets.es/es/marcas/triumph-1,,1,b'd\x00\x00\x00',,,0,100,200
15217,https://viladecans.thestyleoutlets.es/es/promociones,,1,b'd\x00\x00\x00',,,0,100,200
15218,https://viladecans.thestyleoutlets.es/es/virtual-shopping,,1,b'd\x00\x00\x00',,,0,100,200
15219,https://viladecans.thestyleoutlets.es/es/news,,1,b'd\x00\x00\x00',,,0,100,200
15220,https://viladecans.thestyleoutlets.es/es/news/extra-descuentos-4,,1,b'd\x00\x00\x00',,,0,100,200
15221,https://viladecans.thestyleoutlets.es/es/informacion-centro,,1,b'd\x00\x00\x00',,,0,100,200
15222,https://viladecans.thestyleoutlets.es/es/commitments,,1,b'd\x00\x00\x00',,,0,100,200
15223,https://viladecans.thestyleoutlets.es/ca,,1,b'd\x00\x00\x00',,,0,100,200
15224,https://viladecans.thestyleoutlets.es/ca/marques/converse,,1,b'd\x00\x00\x00',,,0,100,200
15225,https://www.converse.com/es,converse,3,b'd\x00\x00\x00',,,0,100,200
15226,https://www.converse.com/es/products/todo/iconos/todas-las-chuck-70?lang=es_ES&CSINT=HP_SilhouettesStrip_tout1,converse,3,b'd\x00\x00\x00',,,0,100,200
15227,https://news.zara.com/pub/acc?_ri_=X0Gzc2X%3DAQpglLjHJlTQGyza0zbKWS1zgMudrbvlMvu1ec0TzfzfgOgdTDN8jabcTa3U9m89eHBzf0GSeza4dfhTm5eVXtpKX%3DSDSYDWT&_ei_=ER1BgtbThrDCXD2io-Dz9zt7mqdYvAJjefH5LLdRwu518DRAJzEnVRIn4ExuchYo8ejqGad-6QykMIpDrgzGcogLA3xv135PjLb1stgc6Df6c5wXa4b3P3y-BUXM2zpTkH4HQMnO4l78qR3q2kG5R5T7YRrbY5YVlOFX7ZdxCfaiDsjzRVutj2gUpsZpbVLhKWXZtGi-Zsq0.&_di_=7bn3k7mrrquciht1nfr58c84i7tloqvr82uo814kuc126iuqmb30,news.zara,2,b'\xc8\x00\x00\x00',,,0,200,200
15228,https://www.zara.com/es/es/woman-new-in-l1180.html?v1=1881787&utm_source=newsletter&utm_medium=email&utm_campaign=2023_01_19_Woman_NewCollection_b_norte_newin,zara,1,b'd\x00\x00\x00',,,0,100,200
15229,https://www.zara.com/es/es/mujer-nuevo-l1180.html?v1=1881787&utm_source=newsletter&utm_medium=email&utm_campaign=2023_01_19_Woman_NewCollection_b_norte_newin,zara,1,b'd\x00\x00\x00',,,0,100,200
15230,https://www.yelmocines.es/cartelera/barcelona/premium-sant-cugat,,1,b'd\x00\x00\x00',,,0,100,200
15231,https://www.yelmocines.es/sinopsis/avatar-el-sentido-del-agua,,1,b'd\x00\x00\x00',,,0,100,200
15232,https://www.google.es/search?q=cartelera+yelmo+sant+cugat&ie=UTF-8&oe=UTF-8&hl=es-es&client=safari,,2,b'd\x00\x00\x00',,,0,100,200
15233,https://yelmocines.es/cartelera/barcelona/premium-sant-cugat,,2,b'd\x00\x00\x00\x00\x00\x00\x00\x00\x00\x00\x00\x00\x00\x00\x00\x00\x00\x00\x00\x00\x00\x00\x00\x00\x00\x00\x00\x00\x00\x00\x00\x00\x00\x00\x00\x00\x00\x00\x00\x00\x00\x00\x00',b'd\x00\x00\x00',,0,200,200
15234,https://yelmocines.es/cartelera/barcelona/premium-sant-cugat#,,2,b'\x00\x00\x00\x00',,,0,0,200
15235,https://yelmocines.es/sinopsis/avatar-el-sentido-del-agua,,1,b'd\x00\x00\x00',,,0,100,200
15236,https://compra.yelmocines.es/?cinemaVistaId=784&showtimeVistaId=16626,,1,b'd\x00\x00\x00',,,0,100,200
15237,https://compra.yelmocines.es/entradas,,1,b'\x00\x00\x00\x00',,,0,0,200
15238,https://compra.yelmocines.es/butacas,,1,b'\x00\x00\x00\x00',,,0,0,200
15239,https://compra.yelmocines.es/pago,,1,b'\x00\x00\x00\x00',,,0,0,200
15240,https://compra.yelmocines.es/confirmacion,,1,b'\x00\x00\x00\x00',,,0,0,200
15241,https://g.co/kgs/chTz24,,2,b'd\x00\x00\x00d\x00\x00\x00',,,0,200,200
15242,"https://www.google.es/search?client=safari&hl=es-es&sxsrf=AJOqlzUgik9BY1N6NaYqCXZSeAF2DNi9bA:1674335614159&q=Viladecans+The+Style+Outlets&ludocid=14128522229687642000&gsas=1&client=safari&ibp=gwp;0,7&lsig=AB86z5UJiIOoR3KGZGERpdIVbs_6&kgs=d9206ef322ac18c4&shndl=-1&shem=lssle&source=sh/x/kp/local/3",,4,b'd\x00\x00\x00d\x00\x00\x00',,,0,200,200
15243,"https://www.google.es/search?client=safari&hl=es-es&sxsrf=AJOqlzUgik9BY1N6NaYqCXZSeAF2DNi9bA:1674335614159&q=Viladecans+The+Style+Outlets&ludocid=14128522229687642000&gsas=1&client=safari&ibp=gwp;0,7&lsig=AB86z5UJiIOoR3KGZGERpdIVbs_6&kgs=d9206ef322ac18c4&shndl=-1&shem=lssle&source=sh/x/kp/local/3#lpg=cid:CgIgAQ%3D%3D",,2,b'\x00\x00\x00\x00\x00\x00\x00\x00',,,0,0,200
15244,https://www.telecinco.es/la-isla-de-las-tentaciones/,,2,b'd\x00\x00\x00\x00\x00\x00\x00d\x00\x00\x00',,,0,200,200
15245,https://www.google.es/search?q=la+isla+de+las+tentaciones&ie=UTF-8&oe=UTF-8&hl=es-es&client=safari,,3,b'd\x00\x00\x00',,,0,100,200
15246,https://www.google.es/search?q=la+isla+de+las+tentaciones&ie=UTF-8&oe=UTF-8&hl=es-es&client=safari#sbfbu=1&pi=la%20isla%20de%20las%20tentaciones,,1,b'\x00\x00\x00\x00',,,0,0,200
15247,https://www.google.es/search?q=la+isla+de+las+tentaciones+directo&client=safari&hl=es-es&sxsrf=AJOqlzUmsm67L8S1oEd7UihtU3Bl797Frw%3A1674513227363&ei=SwvPY4LnFa6Mxc8PiLyL8A0&oq=la+isla+de+las+tentaciones+directo&gs_lcp=ChNtb2JpbGUtZ3dzLXdpei1zZXJwEAMyCwgAEIAEELEDEIMBMgUIABCABDIFCAAQgAQyCwgAEIAEELEDEIMBMgUIABCABDIFCAAQgAQyBQgAEIAEMgUIABCABDoHCCMQsAMQJzoKCAAQRxDWBBCwAzoHCAAQsAMQQzoMCC4QyAMQsAMQQxgBOgQIIxAnOgQILhBDOgsIABCxAxCDARDJAzoICAAQgAQQsQM6BAgAEEM6BAgAEANKBAhBGABQ1BJYoiNg_yZoAXAAeACAAZQBiAHbBpIBAzMuNZgBAKABAcgBD8ABAdoBBAgBGAg&sclient=mobile-gws-wiz-serp,,2,b'd\x00\x00\x00',,,0,100,200
15248,https://www.telecinco.es/la-isla-de-las-tentaciones/directo/,,1,b'd\x00\x00\x00',,,0,100,200
15249,https://www.telecinco.es/la-isla-de-las-tentaciones/directo/20230123/ultima-hora-programa-1-la-isla-de-las-tentaciones-hoy_19_08529300.html,,1,b'd\x00\x00\x00',,,0,100,200
15250,https://www.telecinco.es/la-isla-de-las-tentaciones/directo/20230123/ultima-hora-programa-1-la-isla-de-las-tentaciones-hoy_19_08529300.html#google_vignette,,2,b'd\x00\x00\x00\x00\x00\x00\x00',,,0,100,200
15251,https://www.telecinco.es/la-isla-de-las-tentaciones/20230123/donde-ver-programa-directo-online_18_08519213.html#utm_source=sumario&utm_medium=minuto,,1,b'd\x00\x00\x00',,,0,100,200
15252,https://www.telecinco.es/la-isla-de-las-tentaciones/directo/20230123/ultima-hora-programa-1-la-isla-de-las-tentaciones-hoy_19_08529300.html#utm_source=alerta,,1,b'd\x00\x00\x00',,,0,100,200
15253,https://www.telecinco.es/la-isla-de-las-tentaciones/112496/,,1,b'd\x00\x00\x00',,,0,100,200
15254,https://www.telecinco.es/la-isla-de-las-tentaciones/20230124/mejores-momentos-videos-estrenos-isla-de-las-tentaciones_5_08529802.html,,1,b'd\x00\x00\x00',,,0,100,200
15255,https://www.telecinco.es/la-isla-de-las-tentaciones/a-la-carta/20230124/ver-tentaciones-programa-completo-telecinco_18_08529724.html?amp=true,,2,b'd\x00\x00\x00',,,0,100,200
15256,https://www.tot-hospitalet.cat/en-portada/catalunya-afronta-una-semana-de-crudo-invierno-nevara-en-lhospitalet-cornella-esplugues-y-el-baix-llobregat/,,1,b'd\x00\x00\x00',,,0,100,200
15257,https://www.google.es/search?q=dani+al+es+a%C3%B1os&ie=UTF-8&oe=UTF-8&hl=es-es&client=safari,,3,b'd\x00\x00\x00',,,0,100,200
15258,https://www.google.es/search?q=dani+al+es+a%C3%B1os&ie=UTF-8&oe=UTF-8&hl=es-es&client=safari#sbfbu=1&pi=dani%20al%20es%20a%C3%B1os,,1,b'\x00\x00\x00\x00',,,0,0,200
15259,https://www.google.es/search?q=dani+alves&client=safari&hl=es-es&sxsrf=AJOqlzVoxXi8xby2BoPkdUtz7-2rlzU9Zg%3A1674569596953&ei=fOfPY6rhOa6H9u8PzLWM4AY&gs_ssp=eJzj4tTP1TewzEg2SDZg9OJKSczLVEjMKUstBgBNLwcC&oq=dani+al&gs_lcp=ChNtb2JpbGUtZ3dzLXdpei1zZXJwEAEYATIJCCMQJxBGEPsBMgsILhCABBCxAxCDATILCAAQgAQQsQMQgwEyCwgAEIAEELEDEIMBMgsIABCABBCxAxCDATIICAAQsQMQgwEyCwgAEIAEELEDEIMBMggIABCxAxCDAToKCAAQRxDWBBCwAzoPCAAQgAQQChDLARBGEPsBOgYIABAWEB46BQghEKABOggIIRAWEB4QHToHCCMQsQIQJzoNCAAQgAQQsQMQgwEQCjoGCAAQChADOg0ILhCDARCxAxCABBAKOg0ILhCABBCxAxCDARAKOgUILhCABDoFCAAQgARKBAhBGABQ5ApY_hVgnSNoAXAAeACAAekBiAHiCZIBBTEuNC4zmAEAoAEByAEIwAEB&sclient=mobile-gws-wiz-serp,,2,b'd\x00\x00\x00',,,0,100,200
15260,https://www.google.es/search?q=cap+torre+tomeo&ie=UTF-8&oe=UTF-8&hl=es-es&client=safari,,2,b'd\x00\x00\x00',,,0,100,200
15261,https://www.google.es/search?q=debate+la+isla+de+las+tentaciones+6&ie=UTF-8&oe=UTF-8&hl=es-es&client=safari,,2,b'd\x00\x00\x00',,,0,100,200
15262,https://www.telecinco.es/la-isla-de-las-tentaciones/a-la-carta/20230125/ver-debate-tentaciones-completo-telecinco_18_08541449.html?amp=true,,4,b'd\x00\x00\x00',,,0,100,200
15263,https://www.google.es/search?q=inpost+punto+pack&client=safari&hl=es-es&sxsrf=AJOqlzXlAZ9j1jgv4hbP3KVjEF9T9H1Cfg%3A1674768888058&ei=-PHSY9X_AsK6kdUPtce1-Ao&oq=in+podt&gs_lcp=ChNtb2JpbGUtZ3dzLXdpei1zZXJwEAEYADIKCAAQgAQQyQMQCjIFCAAQkgMyBQgAEJIDMhMILhCDARDHARCxAxDRAxCABBAKMgcIABCABBAKMgcIABCABBAKMgcIABCABBAKMgcIABCABBAKOgcIIxCwAxAnOg4ILhCvARDHARCABBCwAzoICAAQgAQQsAM6CQgAEAcQHhCwAzoHCAAQHhCwAzoJCAAQCBAeELADOgcIIxDqAhAnOgcILhDqAhAnOgQIIxAnOhEILhCABBCxAxCDARDHARDRAzoLCAAQgAQQsQMQgwE6CggAELEDEIMBEEM6BQgAEIAEOhEILhCDARDHARCxAxDRAxCABDoFCC4QgAQ6DQguELEDEIMBENQCEEM6BAgAEEM6CwguEIAEEMcBEK8BOgoILhCxAxCDARBDOhMILhCABBCxAxCDARDHARDRAxAKOggIABCABBCxA0oECEEYAVDkI1i6N2DEQ2gCcAB4AIABfogB1waSAQMyLjaYAQCgAQGwAQ_IARHAAQE&sclient=mobile-gws-wiz-serp,,2,b'd\x00\x00\x00',,,0,100,200
15264,https://www.googleadservices.com/pagead/aclk?sa=L&ai=DChcSEwiY2eusmOb8AhWQ2tUKHbWvCjoYABAAGgJ3cw&ae=2&ohost=www.google.es&cid=CAESaOD2IRMoHC3el942MXRUKlswthGMdRIEyIEQZoP0Tx-ukXFc79sjLhEtxkL2GOneAC-1LEcuu_MK4zH3E7Wd1J457VeKkNhcVk3nCF-Z-NDMS5yPYmVWigCJx6MX2VENW83v5UhdKa_D&sig=AOD64_2a3XjAlwYXjt_uKcE9cM2QP1-lAQ&q&adurl&ved=2ahUKEwj9seSsmOb8AhXrTKQEHdocAHQQ0Qx6BAgHEAE&nis=2&dct=1,googleadservices,1,b'd\x00\x00\x00',,,0,100,200
15265,https://www.inpost.es/realiza-un-envio/?utm_source=google&utm_medium=ppc&utm_campaign=c2c&gclid=CjwKCAiA5sieBhBnEiwAR9oh2iKPwBFJnZb0gPQt6baUyW4yenmujQX1hN3P2iVj8haFdgc1kmyMcxoCul8QAvD_BwE,,1,b'd\x00\x00\x00',,,0,100,200
15266,https://www.google.com/url?q=https://market.sheinmail.com/pub/cc?_ri_%3DX0Gzc2X%253DAQpglLjHJlYQGzcrYr88DrOzebBgzd4NnBzdEuMyOpzgJJ2t5vg4giTfywSOzb6qza8scX0JnVXtpKX%253DBAUDAATY%26_ei_%3DEW2tf9zs59idfPO1Sc_9Bbmns-EA3rRsOR2SJJyo_K7u_YWPnm2rERo08lILdLeHQ4-Ssr1UGPNIhdetMV480cvlPOA1baA.%26_di_%3Dluhdh8t545dd1bv9thi2fc5brafprnlourmqkg7q6bi2e7hd4fu0&source=gmail&ust=1674892706971000&usg=AOvVaw30YMHPU_ynVXsDQkGT7GpR&rct=i,google,1,b'd\x00\x00\x00',,,0,100,200
15267,https://m.shein.com/es/new/New-In-Women-Clothing-sc-00200200.html?utm_source=EDM&utm_medium=oracle&utm_campaign=es_New-In-Women-Clothing_230126-OiosshesesdeLDCXHDC52053354417&url_from=es_open230126-H01-OiosshesesdeLDCXHDC52053354417&utm_content=H01-es_open230126-OiosshesesdeLDCXHDC52053354417&ref=es&rep=dir&ret=mes,m.shein,2,b'd\x00\x00\x00',,,0,100,200
15268,http://kyoka.es/,,1,b'd\x00\x00\x00',,,0,100,200
15269,https://kyoka.es/,,1,b'd\x00\x00\x00',,,0,100,200
15270,https://kyoka.es/kyoka-parc-valle/,,1,b'd\x00\x00\x00',,,0,100,200
15271,https://kyoka.es/kyoka-parc-valles/,,1,b'd\x00\x00\x00',,,0,100,200
15272,https://kyoka.es/wp-content/uploads/2022/09/%E6%99%9A%E4%B8%8A%E8%8F%9C%E5%8D%951.pdf,,2,b'd\x00\x00\x00d\x00\x00\x00',,,0,200,200
15273,https://www.google.es/search?q=estacion+de+sants&ie=UTF-8&oe=UTF-8&hl=es-es&client=safari,,3,b'd\x00\x00\x00',,,0,100,200
15274,https://www.google.es/search?q=estacion+de+sants&ie=UTF-8&oe=UTF-8&hl=es-es&client=safari#imgrc=rIWG8VyJX_AoDM,,1,b'\x00\x00\x00\x00',,,0,0,200
15275,https://www.google.es/search?q=lagrimas+club+madrid&ie=UTF-8&oe=UTF-8&hl=es-es&client=safari,,6,b'}\x00\x00\x00',,,0,125,200
15276,https://www.google.es/search?q=lagrimas+club+madrid&ie=UTF-8&oe=UTF-8&hl=es-es&client=safari#wptab=s:H4sIAAAAAAAAAONgVuLVT9c3NCwqtMwrM8kze8RowS3w8sc9YSn9SWtOXmPU5OIKzsgvd80rySypFJLmYoOyBKX4uVB18uxi4vPJT07MCcjPDMjIL8kvXsQqnXN4YXpRZm5isUJyTmmSQm5iSlFmikIaSBYAEPrMJHsAAAA,,1,b'\x00\x00\x00\x00',,,0,0,200
15277,https://www.google.es/search?q=lagrimas+club+madrid&ie=UTF-8&oe=UTF-8&hl=es-es&client=safari#wptab=s:H4sIAAAAAAAAAONgVuLVT9c3NCwqtMwrM8kze8RowS3w8sc9YSn9SWtOXmPU5OIKzsgvd80rySypFJLmYoOyBKX4uVB18uxi4vPJT07MCcjPDMjIL8kvXsQqnXN4YXpRZm5isUJyTmmSQm5iSlFmikIaSBYAEPrMJHsAAAA&lpg=cid:CgIgAQ%3D%3D,,4,b'<\x00\x00\x00',,,0,60,200
15278,"https://www.google.es/search?q=lagrimas+club+madrid&ie=UTF-8&oe=UTF-8&hl=es-es&client=safari#wptab=s:H4sIAAAAAAAAAONgVuLVT9c3NCwqtMwrM8kze8RowS3w8sc9YSn9SWtOXmPU5OIKzsgvd80rySypFJLmYoOyBKX4uVB18uxi4vPJT07MCcjPDMjIL8kvXsQqnXN4YXpRZm5isUJyTmmSQm5iSlFmikIaSBYAEPrMJHsAAAA&lpg=cid:CgIgAQ%3D%3D,ik:CAoSLEFGMVFpcFBtWGpObmxsM0lJZ05WV0lZNUt0WmVGUk9jbEFadlIxUmgzbHFs",,3,b'\x00\x00\x00\x00',,,0,0,200
15279,"https://www.google.es/search?q=lagrimas+club+madrid&ie=UTF-8&oe=UTF-8&hl=es-es&client=safari#wptab=s:H4sIAAAAAAAAAONgVuLVT9c3NCwqtMwrM8kze8RowS3w8sc9YSn9SWtOXmPU5OIKzsgvd80rySypFJLmYoOyBKX4uVB18uxi4vPJT07MCcjPDMjIL8kvXsQqnXN4YXpRZm5isUJyTmmSQm5iSlFmikIaSBYAEPrMJHsAAAA&lpg=cid:CgIgAQ%3D%3D,ik:CAoSLEFGMVFpcE0tRkJXUUtjZlBHMDJXRWZEODlFMnhTOF9mSS1Fb1dWc0tMMzha",,2,b'\x00\x00\x00\x00',,,0,0,200
15280,https://ouifun.ouigo.es/,,1,b'd\x00\x00\x00',,,0,100,0
15281,https://www.google.es/search?q=NOVICIADOS+7&ie=UTF-8&oe=UTF-8&hl=es-es&client=safari,,2,b'd\x00\x00\x00',,,0,100,200
15282,https://www.google.es/search?q=atocha+madrid&ie=UTF-8&oe=UTF-8&hl=es-es&client=safari,,2,b'd\x00\x00\x00',,,0,100,200
15283,https://we.tl/t-N89IOd8zdE,,2,b'd\x00\x00\x00\x00\x00\x00\x00\x00\x00\x00\x00\x00\x00\x00\x00\x00\x00\x00\x00\x00\x00\x00\x00\x00\x00\x00\x00\x00\x00\x00\x00\x00\x00\x00\x00\x00\x00\x00\x00d\x00\x00\x00',,,0,200,200
15284,https://wetransfer.com/downloads/382a14975d4f09906f754c8d118df80020230129123907/5e9f77,wetransfer,6,b'd\x00\x00\x00\x00\x00\x00\x00\x00\x00\x00\x00\x00\x00\x00\x00\x00\x00\x00\x00\x00\x00\x00\x00\x00\x00\x00\x00\x00\x00\x00\x00\x00\x00\x00\x00\x00\x00\x00\x00d\x00\x00\x00',,,0,200,200
15285,https://mobile.wetransfer.com/downloads/382a14975d4f09906f754c8d118df80020230129123907/5e9f77,mobile.wetransfer,1,b'd\x00\x00\x00',,,0,100,200
15286,https://wetransfer.com/downloads/fba445cd1c29873ea327fa0a8afc32e220230129130255/301e7afbe6516b74cec8fcba1238b86b20230129130310/6997d3,wetransfer,16,b'd\x00\x00\x00\x00\x00\x00\x00\x00\x00\x00\x00\x00\x00\x00\x00\x00\x00\x00\x00\x00\x00\x00\x00\x00\x00\x00\x00\x00\x00\x00\x00\x00\x00\x00\x00\x00\x00\x00\x00\x04\x01\x00\x00',,,0,360,200
15287,https://wetransfer.com/downloads/f3fe585dc5bff5117203ed4a7c93753f20230129125401/755d1c0465c41e49348ad3b53daf14a820230129125419/128619,wetransfer,9,b'd\x00\x00\x00\x00\x00\x00\x00\x00\x00\x00\x00\x00\x00\x00\x00\x00\x00\x00\x00\x00\x00\x00\x00\x00\x00\x00\x00\x00\x00\x00\x00\x00\x00\x00\x00\x00\x00\x00\x00\xc8\x00\x00\x00',,,0,300,200
15288,https://www.google.es/search?q=retrasos+ouigo&ie=UTF-8&oe=UTF-8&hl=es-es&client=safari,,2,b'd\x00\x00\x00',,,0,100,200
15289,https://www.ouigo.com/es/preguntas-frecuentes,ouigo,1,b'd\x00\x00\x00',,,0,100,200
15290,https://www.ouigo.com/es/preguntas-frecuentes?thematic=caso-retraso,ouigo,1,b'\x00\x00\x00\x00',,,0,0,200
15291,https://www.ouigo.com/es/preguntas-frecuentes?question=cuales-mis-derechos-a-indemnizacion-caso-retraso-tren,ouigo,1,b'\x00\x00\x00\x00',,,0,0,200
15292,https://ventas.ouigo.com/es-ES/after-sale/connection,ventas.ouigo,1,b'd\x00\x00\x00',,,0,100,200
15293,https://wetransfer.com/log-in,wetransfer,1,b'\x00\x00\x00\x00',,,0,0,200
15294,https://auth.wetransfer.com/authorize?audience=aud%3A%2F%2Ftransfer-api-prod.wetransfer%2F&client_id=dXWFQjiW1jxWCFG0hOVpqrk4h9vGeanc&redirect_uri=https%3A%2F%2Fwetransfer.com%2Faccount%2Fcallback%3FfinalizeSSOAuth%3D1%26login%3D1&cache=%5Bobject%20Object%5D&initialScreen=login&lang=es&scope=openid%20profile%20email%20offline_access&response_type=code&response_mode=query&state=cjNad0RUVnZORTVNSElqQ3lXQ1FCUGlWWkFtNzlFaH4wdjJrOENXMUkyWg%3D%3D&nonce=YmI0UTFEMC5YVGN4bFNZLlZyNkVDZTE4S3N0ZHRlOHJ4ZDZufld2Zjctag%3D%3D&code_challenge=odUesEKD76XEPLI32_s2ediu9yiA8mqhLUHREoY0nGU&code_challenge_method=S256&auth0Client=eyJuYW1lIjoiYXV0aDAtc3BhLWpzIiwidmVyc2lvbiI6IjEuMTkuMyJ9,auth.wetransfer,1,b'd\x00\x00\x00',,,0,100,200
15295,https://auth.wetransfer.com/login?state=hKFo2SB3V1B1eE41TDVKZllVamh2RlE3cWRWRnE4ZklFcHh1T6FupWxvZ2luo3RpZNkgdHhSMk1VU1FnMkxVc1pmVGZoTDRJRVpwYzJGcEZSZzejY2lk2SBkWFdGUWppVzFqeFdDRkcwaE9WcHFyazRoOXZHZWFuYw&client=dXWFQjiW1jxWCFG0hOVpqrk4h9vGeanc&protocol=oauth2&audience=aud%3A%2F%2Ftransfer-api-prod.wetransfer%2F&redirect_uri=https%3A%2F%2Fwetransfer.com%2Faccount%2Fcallback%3FfinalizeSSOAuth%3D1%26login%3D1&cache=%5Bobject%20Object%5D&initialScreen=login&lang=es&scope=openid%20profile%20email%20offline_access&response_type=code&response_mode=query&nonce=YmI0UTFEMC5YVGN4bFNZLlZyNkVDZTE4S3N0ZHRlOHJ4ZDZufld2Zjctag%3D%3D&code_challenge=odUesEKD76XEPLI32_s2ediu9yiA8mqhLUHREoY0nGU&code_challenge_method=S256&auth0Client=eyJuYW1lIjoiYXV0aDAtc3BhLWpzIiwidmVyc2lvbiI6IjEuMTkuMyJ9,auth.wetransfer,2,b'd\x00\x00\x00',,,0,100,200
15296,https://accounts.google.com/o/oauth2/auth?response_type=code&redirect_uri=https%3A%2F%2Fauth.wetransfer.com%2Flogin%2Fcallback&scope=email%20profile&state=igiyjIAU9tmnUSRAKrUtPqV_B3_0mqLI&client_id=957100117344-jpocnndqb1n828n8nh8a5u2fc1hobqgm.apps.googleusercontent.com,accounts.google,2,b'd\x00\x00\x00',,,0,100,200
15297,https://accounts.google.com/o/oauth2/auth?response_type=code&redirect_uri=https%3A%2F%2Fauth.wetransfer.com%2Flogin%2Fcallback&scope=email%20profile&state=igiyjIAU9tmnUSRAKrUtPqV_B3_0mqLI&client_id=957100117344-jpocnndqb1n828n8nh8a5u2fc1hobqgm.apps.googleusercontent.com&service=lso&o2v=1,accounts.google,1,b'\x00\x00\x00\x00',,,0,0,200
15298,https://accounts.google.com/o/oauth2/auth/oauthchooseaccount?response_type=code&redirect_uri=https%3A%2F%2Fauth.wetransfer.com%2Flogin%2Fcallback&scope=email%20profile&state=igiyjIAU9tmnUSRAKrUtPqV_B3_0mqLI&client_id=957100117344-jpocnndqb1n828n8nh8a5u2fc1hobqgm.apps.googleusercontent.com&service=lso&o2v=1&flowName=GeneralOAuthFlow,accounts.google,3,b'\x00\x00\x00\x00',,,0,0,200
15299,https://auth.wetransfer.com/login/callback?state=igiyjIAU9tmnUSRAKrUtPqV_B3_0mqLI&code=4%2F0AWtgzh6Ck66LzRylhc3pXThUujUofR96KQ9LtsgidFYqrasDNR7mDbj70uBaRBJkts9Y1g&scope=email+profile+https%3A%2F%2Fwww.googleapis.com%2Fauth%2Fuserinfo.email+https%3A%2F%2Fwww.googleapis.com%2Fauth%2Fuserinfo.profile+openid&authuser=0&prompt=consent#,auth.wetransfer,1,b'd\x00\x00\x00',,,0,100,200
15300,https://account.wetransfer.com/link/new?child_token=eyJhbGciOiJIUzI1NiIsInR5cCI6IkpXVCJ9.eyJzdWIiOiJnb29nbGUtb2F1dGgyfDEwODgxMjI1MjUyNTU2MzYyOTMwMSIsImVtYWlsIjoibWFydGEuY2FybW9uYWNjQGdtYWlsLmNvbSIsImJhc2UiOiJodHRwczovL3dldHJhbnNmZXItcHJvZC5ldS5hdXRoMC5jb20vYXBpL3YyIiwiaWF0IjoxNjc1MDIzMDEwLCJleHAiOjE2NzUwMjM5MTAsImF1ZCI6IlB1UW1GTHViR29PV25qVlRwMEJ5c3pqdW9kQ3NTbzFWIiwiaXNzIjoiaHR0cHM6Ly9hdXRoLndldHJhbnNmZXIuY29tLyJ9.voWFJzjyvjD9taYtGaRmlXlWozEbNJ9Xg9Sn35Azdso&error_type=&connection=Unified-Accounts&state=hKFo2SBSeVNLMEhJU245WGNDNjJJYTdXQ2t4Qi1wMkl3eHVTbqFuqHJlZGlyZWN0o3RpZNkgdHhSMk1VU1FnMkxVc1pmVGZoTDRJRVpwYzJGcEZSZzejY2lk2SBkWFdGUWppVzFqeFdDRkcwaE9WcHFyazRoOXZHZWFuYw#,account.wetransfer,2,b'd\x00\x00\x00',,,0,100,200
15301,https://account.wetransfer.com/auth/auth0?connection=Unified-Accounts&step=link_continue&prompt=login&login_hint=marta.carmonacc%40gmail.com&lock_email=true,account.wetransfer,1,b'd\x00\x00\x00',,,0,100,200
15302,https://auth.wetransfer.com/login?state=hKFo2SB3czhVYjhNeGNRXzdyNHFfRlB3cnFfd1o5ZkRiOUkwdKFupWxvZ2luo3RpZNkgYjNCQjRGZDNSZkV2NU5iVHh0ZGp4ZE14UVlmZ3RnMmGjY2lk2SBlNmFKM1Y1dkhUcjEzakxxMnozMkZya2VBblpxVURoNA&client=e6aJ3V5vHTr13jLq2z32FrkeAnZqUDh4&protocol=oauth2&prompt=login&audience=https%3A%2F%2Fwetransfer-prod.eu.auth0.com%2Fapi%2Fv2%2F&connection=Unified-Accounts&leeway=60&lock_email=true&login_hint=marta.carmonacc%40gmail.com&nonce=59d9aa2780d7be8d15aef0d9a3e2490d&redirect_uri=https%3A%2F%2Faccount.wetransfer.com%2Fauth%2Fcallback%3Fconnection%3DUnified-Accounts%26step%3Dlink_continue%26prompt%3Dlogin%26login_hint%3Dmarta.carmonacc%2540gmail.com%26lock_email%3Dtrue&response_type=code&scope=openid%20email%20profile%20update%3Acurrent_user_identities%20offline_access%20read%3Acurrent_user,auth.wetransfer,1,b'd\x00\x00\x00',,,0,100,200
15303,https://auth-static.wetransfer.com/errors?client_id=&connection=&lang=&error=invalid_request&error_description=You%20may%20have%20pressed%20the%20back%20button%2C%20refreshed%20during%20login%2C%20opened%20too%20many%20login%20dialogs%2C%20or%20there%20is%20some%20issue%20with%20cookies%2C%20since%20we%20couldn%27t%20find%20your%20session.%20Try%20logging%20in%20again%20from%20the%20application%20and%20if%20the%20problem%20persists%20please%20contact%20the%20administrator.&tracking=26f7c8c46d76ebd98c7c,auth-static.wetransfer,1,b'd\x00\x00\x00',,,0,100,200
15304,https://wetransfer.com/log-in?iss=https%3A%2F%2Fauth.wetransfer.com%2F,wetransfer,2,b'd\x00\x00\x00',,,0,100,200
15305,https://auth.wetransfer.com/authorize?audience=aud%3A%2F%2Ftransfer-api-prod.wetransfer%2F&client_id=dXWFQjiW1jxWCFG0hOVpqrk4h9vGeanc&redirect_uri=https%3A%2F%2Fwetransfer.com%2Faccount%2Fcallback%3Fiss%3Dhttps%253A%252F%252Fauth.wetransfer.com%252F%26finalizeSSOAuth%3D1%26login%3D1&cache=%5Bobject%20Object%5D&initialScreen=login&lang=es&scope=openid%20profile%20email%20offline_access&response_type=code&response_mode=query&state=OEpianB0R1dnYk5kcVp2cXVweFMxLnZXTWxKRTFjN2Rma2x2REFiZVV3bw%3D%3D&nonce=VFNiZVhqa2pyVmRtYkdZQlFOLkZRR1RiWnNySElXRG8uMFFpRmY0WlFjYg%3D%3D&code_challenge=i3CiGGlKDW0zW2mH7deG8N7euTGjNmVXwt_wn-nQpEg&code_challenge_method=S256&auth0Client=eyJuYW1lIjoiYXV0aDAtc3BhLWpzIiwidmVyc2lvbiI6IjEuMTkuMyJ9,auth.wetransfer,1,b'd\x00\x00\x00',,,0,100,200
15306,https://auth.wetransfer.com/login?state=hKFo2SBnamNoazQ4d0p4cGRWMmdzU09HTkp4SkZDcF9xRV9vY6FupWxvZ2luo3RpZNkgaWczM1RhMjVVZzU5NmphU0JmalMzS2p2a3ppSl9JWDOjY2lk2SBkWFdGUWppVzFqeFdDRkcwaE9WcHFyazRoOXZHZWFuYw&client=dXWFQjiW1jxWCFG0hOVpqrk4h9vGeanc&protocol=oauth2&audience=aud%3A%2F%2Ftransfer-api-prod.wetransfer%2F&redirect_uri=https%3A%2F%2Fwetransfer.com%2Faccount%2Fcallback%3Fiss%3Dhttps%253A%252F%252Fauth.wetransfer.com%252F%26finalizeSSOAuth%3D1%26login%3D1&cache=%5Bobject%20Object%5D&initialScreen=login&lang=es&scope=openid%20profile%20email%20offline_access&response_type=code&response_mode=query&nonce=VFNiZVhqa2pyVmRtYkdZQlFOLkZRR1RiWnNySElXRG8uMFFpRmY0WlFjYg%3D%3D&code_challenge=i3CiGGlKDW0zW2mH7deG8N7euTGjNmVXwt_wn-nQpEg&code_challenge_method=S256&auth0Client=eyJuYW1lIjoiYXV0aDAtc3BhLWpzIiwidmVyc2lvbiI6IjEuMTkuMyJ9,auth.wetransfer,1,b'd\x00\x00\x00',,,0,100,200
15307,https://www.amazon.es/Breaking-Limits-correas-mu%C3%B1equeras-levantamiento/dp/B09Q68JJP2/ref=sr_1_3_sspa?keywords=mu%C3%B1equeras%2Bgym&qid=1675151223&sr=8-3-spons&sp_csd=d2lkZ2V0TmFtZT1zcF9hdGY&th=1,,2,b'd\x00\x00\x00',,,0,100,200
15308,https://www.amazon.es/cart/add-to-cart/ref=mw_dp_buy_crt,,2,b'd\x00\x00\x00',,,0,100,200
15309,https://www.amazon.es/gp/cart/mobile/go-to-checkout.html/ref=ox_sc_proceed?proceedToCheckout=1&isToBeGiftWrappedBefore=0&isToBeGiftWrapped=0&tangoWeblabStatus=tango_non_prime_C&cartInitiateId=1675151315443,,1,b'd\x00\x00\x00',,,0,100,200
15310,https://www.amazon.es/ap/signin?_encoding=UTF8&openid.assoc_handle=anywhere_es&openid.claimed_id=http%3A%2F%2Fspecs.openid.net%2Fauth%2F2.0%2Fidentifier_select&openid.identity=http%3A%2F%2Fspecs.openid.net%2Fauth%2F2.0%2Fidentifier_select&openid.mode=checkid_setup&openid.ns=http%3A%2F%2Fspecs.openid.net%2Fauth%2F2.0&openid.ns.pape=http%3A%2F%2Fspecs.openid.net%2Fextensions%2Fpape%2F1.0&openid.pape.max_auth_age=0&openid.return_to=https%3A%2F%2Fwww.amazon.es%2Fgp%2Fbuy%2Fsignin%2Fhandlers%2Fcontinue.html%3Fie%3DUTF8%26brandId%3D%26cartItemIds%3D%26eGCApp%3D%26hasWorkingJavascript%3D0%26isEGCOrder%3D0%26isFresh%3D%26oldCustomerId%3D0%26oldPurchaseId%3D%26preInitiateCustomerId%3D%26purchaseInProgress%3D%26ref_%3Dcart_signin_submit%26siteDesign%3D&pageId=anywhere_es&showRmrMe=0&siteState=isRegularCheckout.1%7CIMBMsgs.%7CisRedirect.1&suppressSignInRadioButtons=0,,1,b'd\x00\x00\x00',,,0,100,200
15311,https://www.amazon.es/ap/signin,,2,b'd\x00\x00\x00',,,0,100,200
15312,https://www.amazon.es/ap/accountfixup?openid.pape.max_auth_age=900&showRmrMe=0&openid.identity=http%3A%2F%2Fspecs.openid.net%2Fauth%2F2.0%2Fidentifier_select&siteState=isRegularCheckout.1%7CIMBMsgs.%7CisRedirect.1&pageId=anywhere_es&arb=873bf29d-6354-49eb-9ad2-d1015bb60835&openid.return_to=https%3A%2F%2Fwww.amazon.es%2Fgp%2Fbuy%2Fsignin%2Fhandlers%2Fcontinue.html%3Fie%3DUTF8%26brandId%3D%26cartItemIds%3D%26eGCApp%3D%26hasWorkingJavascript%3D0%26isEGCOrder%3D0%26isFresh%3D%26oldCustomerId%3D0%26oldPurchaseId%3D%26preInitiateCustomerId%3D%26purchaseInProgress%3D%26ref_%3Dcart_signin_submit%26siteDesign%3D&openid.assoc_handle=anywhere_es&openid.mode=checkid_setup&openid.ns.pape=http%3A%2F%2Fspecs.openid.net%2Fextensions%2Fpape%2F1.0&openid.claimed_id=http%3A%2F%2Fspecs.openid.net%2Fauth%2F2.0%2Fidentifier_select&openid.ns=http%3A%2F%2Fspecs.openid.net%2Fauth%2F2.0&shouldShowPersistentLabels=true,,1,b'd\x00\x00\x00',,,0,100,200
15313,https://www.amazon.es/ap/accountfixup,,4,b'}\x00\x00\x00',,,0,125,200
15314,https://www.amazon.es/ap/cvf/request?arb=2dff607d-dc41-471d-8aba-c0b9913a3e91,,1,b'd\x00\x00\x00',,,0,100,200
15315,https://www.amazon.es/ap/cvf/verify,,1,b'd\x00\x00\x00',,,0,100,200
15316,https://www.amazon.es/gp/buy/signin/handlers/continue.html?ie=UTF8&brandId=&cartItemIds=&eGCApp=&hasWorkingJavascript=0&isEGCOrder=0&isFresh=&oldCustomerId=0&oldPurchaseId=&preInitiateCustomerId=&purchaseInProgress=&ref_=cart_signin_submit&siteDesign=&returnFromLogin=1&openid.assoc_handle=anywhere_es&openid.claimed_id=https%3A%2F%2Fwww.amazon.es%2Fap%2Fid%2Famzn1.account.AEU3MPM3D5NF72Y3S47LEC3DAFWQ&openid.identity=https%3A%2F%2Fwww.amazon.es%2Fap%2Fid%2Famzn1.account.AEU3MPM3D5NF72Y3S47LEC3DAFWQ&openid.mode=id_res&openid.ns=http%3A%2F%2Fspecs.openid.net%2Fauth%2F2.0&openid.op_endpoint=https%3A%2F%2Fwww.amazon.es%2Fap%2Fsignin&openid.response_nonce=2023-01-31T08%3A03%3A31Z-6314290307847782669&openid.return_to=https%3A%2F%2Fwww.amazon.es%2Fgp%2Fbuy%2Fsignin%2Fhandlers%2Fcontinue.html%3Fie%3DUTF8%26brandId%3D%26cartItemIds%3D%26eGCApp%3D%26hasWorkingJavascript%3D0%26isEGCOrder%3D0%26isFresh%3D%26oldCustomerId%3D0%26oldPurchaseId%3D%26preInitiateCustomerId%3D%26purchaseInProgress%3D%26ref_%3Dcart_signin_submit%26siteDesign%3D%26returnFromLogin%3D1&openid.signed=assoc_handle%2Cclaimed_id%2Cidentity%2Cmode%2Cns%2Cop_endpoint%2Cresponse_nonce%2Creturn_to%2CsiteState%2Cns.pape%2Cpape.auth_policies%2Cpape.auth_time%2Csigned&openid.ns.pape=http%3A%2F%2Fspecs.openid.net%2Fextensions%2Fpape%2F1.0&openid.pape.auth_policies=SinglefactorWithMobileVerification&openid.pape.auth_time=2023-01-31T08%3A01%3A21Z&openid.sig=C0qCJUqEeyWEQhkbfbFXRvE6KggrMYo6AxufcS8AT%2Fk%3D&serial=&siteState=isRegularCheckout.1%7CIMBMsgs.%7CisRedirect.1,,1,b'd\x00\x00\x00',,,0,100,200
15317,https://www.amazon.es/gp/buy/payselect/handlers/display.html?_from=cheetah,,3,b'\x00\x00\x00\x00',,,0,0,200
15318,https://www.amazon.es/gp/help/customer/display.html?nodeId=201890250&ref_=navm_ftr_cookies_notice,,1,b'd\x00\x00\x00',,,0,100,200
15319,https://www.amazon.es/gp/buy/signin/handlers/continue.html?ie=UTF8&brandId=&cartItemIds=&eGCApp=&hasWorkingJavascript=0&isEGCOrder=0&isFresh=&oldCustomerId=0&oldPurchaseId=&preInitiateCustomerId=&purchaseInProgress=&ref_=cart_signin_submit&siteDesign=&openid.assoc_handle=anywhere_es&openid.claimed_id=https%3A%2F%2Fwww.amazon.es%2Fap%2Fid%2Famzn1.account.AEU3MPM3D5NF72Y3S47LEC3DAFWQ&openid.identity=https%3A%2F%2Fwww.amazon.es%2Fap%2Fid%2Famzn1.account.AEU3MPM3D5NF72Y3S47LEC3DAFWQ&openid.mode=id_res&openid.ns=http%3A%2F%2Fspecs.openid.net%2Fauth%2F2.0&openid.op_endpoint=https%3A%2F%2Fwww.amazon.es%2Fap%2Fsignin&openid.response_nonce=2023-01-31T08%3A04%3A16Z-807524575954195761&openid.return_to=https%3A%2F%2Fwww.amazon.es%2Fgp%2Fbuy%2Fsignin%2Fhandlers%2Fcontinue.html%3Fie%3DUTF8%26brandId%3D%26cartItemIds%3D%26eGCApp%3D%26hasWorkingJavascript%3D0%26isEGCOrder%3D0%26isFresh%3D%26oldCustomerId%3D0%26oldPurchaseId%3D%26preInitiateCustomerId%3D%26purchaseInProgress%3D%26ref_%3Dcart_signin_submit%26siteDesign%3D&openid.signed=assoc_handle%2Cclaimed_id%2Cidentity%2Cmode%2Cns%2Cop_endpoint%2Cresponse_nonce%2Creturn_to%2CsiteState%2Cns.pape%2Cpape.auth_policies%2Cpape.auth_time%2Csigned&openid.ns.pape=http%3A%2F%2Fspecs.openid.net%2Fextensions%2Fpape%2F1.0&openid.pape.auth_policies=http%3A%2F%2Fschemas.openid.net%2Fpape%2Fpolicies%2F2007%2F06%2Fnone&openid.pape.auth_time=2023-01-31T08%3A03%3A57Z&openid.sig=SB7iRT0oTmhyI2NE%2Bu1BSfRG%2BzNltHeMv%2B11JlwUszY%3D&serial=&siteState=isRegularCheckout.1%7CIMBMsgs.%7CisRedirect.1,,1,b'd\x00\x00\x00',,,0,100,200
15320,https://www.amazon.es/gp/cobrandcard/redirect.html?imp=e33e6584-36ac-4886-825f-d98a52c44687&location=%2Fcpe%2Fsepalanding&token=DE533307B5940E5F4890B1BE42E0514461B25DD2&signature=01E7A28F41CE61B45FF01D2CC1A99F8E2B319DB060A4A8CF32CD5CC62B74A6CB&sigauth=IRS_CUSTOM,,1,b'd\x00\x00\x00',,,0,100,200
15321,https://www.amazon.es/cpe/sepalanding,,1,b'd\x00\x00\x00',,,0,100,200
15322,https://www.telecinco.es/la-isla-de-las-tentaciones/a-la-carta/20230130/ver-programa-2-completo-isla-de-las-tentaciones-telecinco_18_08591619.html?amp=true,,7,b'd\x00\x00\x00}\x00\x00\x00',,,0,225,200
15323,https://adclick.g.doubleclick.net/pcs/click?xai=AKAOjstoMY9TH_10JdHwdcONkJm5ZNc-EuwB07C56zHXnY_vpNh61xU627ogDyEBrbZKn_-XzLE6U1wX5HJdc40zLMEzhZUSdx06BJG3DhIPuwmnOdZyUAcaSKqmabh2aur-_-sASrXk6Zqz2wD5dBFHtEPVfxrCSA&sai=AMfl-YRzC9zx2UkQdTT_hNNrhRE_U49LM2pEvM7259qC-ghS55ZIgSc93-402UmAfkGHOctRazLzDYH5H2dIB2a2wA&sig=Cg0ArKJSzGCtbOgC41GPEAE&cry=1&fbs_aeid=[gw_fbsaeid]&urlfix=1&adurl=https://www.kelloggs.es/es_ES/brands/special-k-consumer-brand.html,,1,b'd\x00\x00\x00',,,0,100,200
15324,https://www.google.es/search?q=monica+robles&ie=UTF-8&oe=UTF-8&hl=es-es&client=safari,,2,b'd\x00\x00\x00',,,0,100,200
15325,https://www.google.es/search?q=monica+robles&ie=UTF-8&oe=UTF-8&hl=es-es&client=safari#imgrc=Au0hHrP691BmWM,,1,b'\x00\x00\x00\x00',,,0,0,200
15326,https://www.google.es/search?q=monica%20robles&tbm=isch&hl=es-es&tbs=rimg:CQLtIR6z-vdQYd7hdwZEALMisgIA&client=safari&prmd=ivn&sa=X&ved=0CBQQuIIBahcKEwjo0_WE6_b8AhUAAAAAHQAAAAAQBg&biw=414&bih=710&dpr=2,,4,b'd\x00\x00\x00',,,0,100,200
15327,https://www.google.es/search?q=monica%20robles&tbm=isch&hl=es-es&tbs=rimg:CQLtIR6z-vdQYd7hdwZEALMisgIA&client=safari&prmd=ivn&sa=X&ved=0CBQQuIIBahcKEwjo0_WE6_b8AhUAAAAAHQAAAAAQBg&biw=414&bih=710&dpr=2#imgrc=fOcWp-3Yfuz4dM,,1,b'\x00\x00\x00\x00',,,0,0,200
15328,https://www.google.es/search?q=cuantos+dias+tiene+2023&ie=UTF-8&oe=UTF-8&hl=es-es&client=safari,,3,b'd\x00\x00\x00',,,0,100,200
15329,https://www.google.es/search?q=cuantos+dias+tiene+2023&ie=UTF-8&oe=UTF-8&hl=es-es&client=safari#sbfbu=1&pi=cuantos%20dias%20tiene%202023,,1,b'\x00\x00\x00\x00',,,0,0,200
15330,https://www.google.es/search?q=cuantos+dias+&client=safari&hl=es-es&sxsrf=AJOqlzWxP78t6Ux74mK2HF05zDj_Nx6F8w%3A1675372778612&ei=6ijcY96CJcjmsAed8qOYCw&oq=cuantos+dias+&gs_lcp=ChNtb2JpbGUtZ3dzLXdpei1zZXJwEAMyBAgjECcyBAgjECcyBAgAEEMyBAgAEEMyBAgAEEMyBAgAEEMyBQgAEIAEMgUIABCABDoKCAAQRxDWBBCwAzoHCAAQsAMQQzoLCAAQgAQQsQMQgwFKBAhBGABQ_A1Y8Cpg2y5oAXAAeACAAc8BiAHVCpIBBTAuOS4xmAEAoAEByAENwAEB&sclient=mobile-gws-wiz-serp,,6,b'}\x00\x00\x00d\x00\x00\x00',,,0,225,200
15331,https://es.wikipedia.org/wiki/Aceite_de_ricino,,1,b'd\x00\x00\x00',,,0,100,200
15332,https://es.m.wikipedia.org/wiki/Aceite_de_ricino,,1,b'd\x00\x00\x00',,,0,100,200
15333,https://www.google.es/search?q=aceite+de+romero&ie=UTF-8&oe=UTF-8&hl=es-es&client=safari,,3,b'd\x00\x00\x00',,,0,100,200
15334,https://www.googleadservices.com/pagead/aclk?sa=L&ai=DChcSEwjAysPb3vj8AhUC6-0KHXpQCPYYABAwGgJkZw&ae=2&ohost=www.google.es&cid=CAESaOD2G8FxbRwTfupYbQ7QAGY0ws2rn8T9-bwfj9Hv-8cPg3TFKn39odz-p2iKd-j2HJ_q80fvSDTbI3C8eehEavLa1ADBSeIlP0c4B1niQFORK_ZdUMuL8DR5g14ghWP5nvzxVrquSnar&sig=AOD64_0wXTOFoZafsVM60lOdgIkQLsj4Jw&q&adurl&ved=2ahUKEwjwuLzb3vj8AhVOi1wKHSuYA3cQ0Qx6BAgIEAE&nis=2&dct=1,googleadservices,1,b'd\x00\x00\x00',,,0,100,200
15335,https://www.arganour.com/products/aceite-esencial-de-romero-100-puro?gclid=Cj0KCQiA2-2eBhClARIsAGLQ2RnwgAxd6jpBem-jL_FWmDrIbbYJefACfFyUi79zpWjAV9-CMRMbvrwaArKDEALw_wcB,arganour,1,b'd\x00\x00\x00',,,0,100,200
15336,https://www.google.es/search?q=aceite+de+romero&ie=UTF-8&oe=UTF-8&hl=es-es&client=safari#sbfbu=1&pi=aceite%20de%20romero,,1,b'd\x00\x00\x00',,,0,100,200
15337,https://www.google.es/search?q=aceite+natural+para+el+pelo&client=safari&hl=es-es&sxsrf=AJOqlzXdinEspfh0yPfIsuc2INm4CgFFfw%3A1675406267594&ei=u6vcY7DvI86W8gKrsI64Bw&oq=aceite+natura&gs_lcp=ChNtb2JpbGUtZ3dzLXdpei1zZXJwEAEYAzIKCAAQgAQQFBCHAjIFCAAQgAQyBQgAEIAEMgUIABCABDIFCAAQgAQyBQgAEIAEMgUIABCABDIFCAAQgAQ6CggAEEcQ1gQQsAM6BAgjECc6BAgAEEM6BQguEIAEOgoILhCABBAUEIcCSgQIQRgAUKUJWP0xYLpCaAFwAHgAgAGeAogBoA-SAQYyLjExLjKYAQCgAQHIAQjAAQE&sclient=mobile-gws-wiz-serp,,2,b'd\x00\x00\x00',,,0,100,200
15338,https://www.googleadservices.com/pagead/aclk?sa=L&ai=DChcSEwiIl9713vj8AhWKse0KHZFxDD0YABAdGgJkZw&ae=2&ohost=www.google.es&cid=CAESaOD2sWLbGsAGUNDfN3LeI-2lP4kXzweSIjn_P7Tm-DirNdtNnYMrgHV8we8y2YIx8FkXfnul48ZzjiBiKQHzC8c8LlyrFXwlHnorc9K16xEWzsmvE-Ykr7m6aPtCGcCGy51WqoArStnM&sig=AOD64_1Dj2E73oRDyTI22QmEcBfRKEGE1g&q&adurl&ved=2ahUKEwjD7df13vj8AhUZOcAKHQuZDNkQ0Qx6BAgJEAE&nis=8&dct=1,googleadservices,1,b'd\x00\x00\x00',,,0,100,200
15339,https://www.amazon.es/Herbal-Essences-Aceite-Antiencrespamiento-C%C3%A1%C3%B1amo/dp/B086HSSM2Y/?maas=maas_adg_api_583468579326374595_macro_1_70&ref_=aa_maas&tag=maas&aa_campaignid=18801357736&aa_adgroupid=143607987792&aa_creativeid=ad-632669886383_kwd-882995051022_dev-m_ext-&gclid=Cj0KCQiA2-2eBhClARIsAGLQ2Rls7Psg5Uy4DNiR8WmSn4yC06aQ0Hsb31ayRLHq_YZoYUiwt0cZSkcaApDXEALw_wcB,,2,b'd\x00\x00\x00',,,0,100,200
15340,https://www.olisticscience.com/?utm_source=google&utm_medium=ads&utm_campaign=generic&gclid=Cj0KCQiA2-2eBhClARIsAGLQ2RkBvjmIpTE0f69AfXflvsU23MsjL-ljsjEd2p8VIGGPZYu_h9C9VNUaAoNVEALw_wcB,olisticscience,1,b'd\x00\x00\x00',,,0,100,200
15341,https://mejorconsalud.as.com/6-aceites-naturales-para-el-cabello-danado/,mejorconsalud.as,8,b'd\x00\x00\x00',,,0,100,200
15342,https://productinfo.cantabrialabs.com/product/iraltone-oral/,productinfo.cantabrialabs,1,b'd\x00\x00\x00',,,0,100,200
15343,https://www.google.es/search?q=iraltone+aga+plus+caida+capilar+cronica+severa&ie=UTF-8&oe=UTF-8&hl=es-es&client=safari,,2,b'd\x00\x00\x00',,,0,100,200
15344,https://www.googleadservices.com/pagead/aclk?sa=L&ai=DChcSEwj7xIOcjf78AhVvjWgJHc_BBYkYABAOGgJ3Zg&ae=2&ohost=www.google.es&cid=CAESaOD2161TZyTFdy98GF2GOQr1nX5u9ZtmCAccakpl49z_Z4s_rVIch6miCdZ1m5VwPSNQELoLhvYGXbi9VyigWgVrwMVuvR4HtK3Z6OR6jdPbPbSUidzFaq36b3EwMO6zfZ7kBCJs0VUd&sig=AOD64_1M8NbY8yvKlj5i_7RdqNSHxEi--A&ctype=5&q=&ved=2ahUKEwjgh_2bjf78AhXeTaQEHXGSAIEQwg8oAHoECAYQCw&nis=2&dct=1&adurl=,googleadservices,1,b'd\x00\x00\x00',,,0,100,200
15345,https://www.farma2go.com/cabello-unas/5997-iraltone-aga-plus-anticaida-60-capsulas-8470001908261.html?utm_campaign=shopping&utm_source=google&utm_medium=cpc&type=GS_Sm_HH&gclid=CjwKCAiAxP2eBhBiEiwA5puhNT3cowwQ_l5gy6Db10PYhEEdyzw-CsBDem_STQfEHlnK1ZjNPJH-sBoCy1QQAvD_BwE,farma2go,1,b'd\x00\x00\x00',,,0,100,200
15346,https://www.decathlon.es/,,1,b'd\x00\x00\x00',,,0,100,200
15347,https://www.decathlon.es/es/,,1,b'd\x00\x00\x00',,,0,100,200
15348,https://www.google.es/search?q=decathlon+platja+d%27aro&ie=UTF-8&oe=UTF-8&hl=es-es&client=safari,,2,b'd\x00\x00\x00',,,0,100,200
15349,https://www.google.es/search?q=rutas+senderismo+playa+de+aro&ie=UTF-8&oe=UTF-8&hl=es-es&client=safari,,2,b'd\x00\x00\x00',,,0,100,200
15350,https://www.google.es/search?q=farmacia+pueblo+nuevo&ie=UTF-8&oe=UTF-8&hl=es-es&client=safari,,3,b'd\x00\x00\x00',,,0,100,200
15351,https://www.google.es/search?q=farmacia+pueblo+nuevo&ie=UTF-8&oe=UTF-8&hl=es-es&client=safari#sbfbu=1&pi=farmacia%20pueblo%20nuevo,,1,b'\x00\x00\x00\x00',,,0,0,200
15352,https://www.google.es/search?q=farmacia+pueblo+nuevo+sabadell&client=safari&hl=es-es&sxsrf=AJOqlzWCFsO6WwNrtcZa3XZezO-lH-Dc6w%3A1675674339219&ei=48LgY4SNDYy5sAf91aK4BA&gs_ssp=eJwFwUsKgCAQAFDaBl0hXLRvppzUjtAtxk8fsIzC8Pi9Vzf91iOuSmnQuEM1d1BwYGlIj84Ds0Q_Q3HjIOXkibQhIrW0Kz8nu4PFnYONSVw5fEm8bNmHGH_JyBkb&oq=farmacia+pueblo+nuevo+sabade&gs_lcp=ChNtb2JpbGUtZ3dzLXdpei1zZXJwEAEYADILCC4QgAQQxwEQrwEyBQghEKABMgUIIRCgAToHCAAQsAMQQzoICAAQgAQQsAM6CQgAEAcQHhCwAzoHCAAQHhCwAzoSCC4QxwEQrwEQyAMQsAMQQxgBOhMILhCABBDHARCvARDIAxCwAxgBOgUIABCABDoGCAAQFhAeSgQIQRgBUIAJWL4PYJ4XaABwAHgAgAGyAYgB0AiSAQMwLjiYAQCgAQHIAQ7AAQHaAQQIARgI&sclient=mobile-gws-wiz-serp,,2,b'd\x00\x00\x00',,,0,100,200
15353,https://www.google.es/search?q=javosdog&ie=UTF-8&oe=UTF-8&hl=es-es&client=safari,,2,b'd\x00\x00\x00',,,0,100,200
15354,"https://maps.google.com/maps/dir//Ctra.+de+Barcelona,+81,+08201+Sabadell,+Barcelona/data=!4m6!4m5!1m1!4e2!1m2!1m1!1s0x12a4945561e0de8d:0xc6d7be47f8b8f6c?entry=s&sa=X",maps.google,2,b'\xc8\x00\x00\x00',,,0,200,200
15355,"https://www.google.com/maps/dir//Ctra.+de+Barcelona,+81,+08201+Sabadell,+Barcelona/data=!4m6!4m5!1m1!4e2!1m2!1m1!1s0x12a4945561e0de8d:0xc6d7be47f8b8f6c?entry=s&sa=X",google,2,b'\xc8\x00\x00\x00',,,0,200,200
15356,https://www.google.es/search?q=javosdog+sabadell&ie=UTF-8&oe=UTF-8&hl=es-es&client=safari,,2,b'd\x00\x00\x00',,,0,100,200
15357,https://www.telecinco.es/la-isla-de-las-tentaciones/a-la-carta/20230206/ver-programa-3-completo-la-isla-de-las-tentaciones_18_08654605.html?amp=true,,3,b'\xc8\x00\x00\x00',,,0,200,200
15358,https://www.olgacamargo.com/opiniones-olga-camargo/,olgacamargo,2,b'd\x00\x00\x00d\x00\x00\x00',,,0,200,200
15359,https://www.telecinco.es/,,1,b'd\x00\x00\x00',,,0,100,200
15360,https://www.larazon.es/economia/20230207/cvg42vhibrakhhiyptop45t2lm.html,,2,b'd\x00\x00\x00',,,0,100,200
15361,https://www.google.es/search?q=cine+yelmo+sant+cugat&ie=UTF-8&oe=UTF-8&hl=es-es&client=safari,,2,b'd\x00\x00\x00',,,0,100,200
15362,https://www.perruqueriesbarcelona.cat/opiniones-olga-camargo/,,1,b'd\x00\x00\x00',,,0,100,200
15363,https://www.uala.es/olga-camargo-gracia_lluis-antunez-10/reviews/page4,,1,b'd\x00\x00\x00',,,0,100,200
15364,https://guiademicroempresas.es/peluqueria/barcelona/peluqueria-olga-camargo-gracia/,,1,b'd\x00\x00\x00',,,0,100,200
15365,https://www.zankyou.es/f/olga-camargo-805775,,1,b'd\x00\x00\x00',,,0,100,200
15366,https://www.tripadvisor.es/Attraction_Review-g187497-d13139526-Reviews-Estetica_Olga_Camargo-Barcelona_Catalonia.html,,21,b'd\x00\x00\x00',,,0,100,200
15367,https://www.emprendedoresdehoy.com/ver/perruqueria-olga-camargo-gracia-barcelona,emprendedoresdehoy,1,b'd\x00\x00\x00',,,0,100,200
15368,https://esopiniones.com/catalonia/perruqueria-olga-camargo-gracia-14955,esopiniones,4,"b',\x01\x00\x00d\x00\x00\x00'",,,0,400,200
15369,https://wetransfer.com/,wetransfer,1,b'\x00\x00\x00\x00',,,0,0,200
15370,https://www.google.es/search?q=solazur+foods+sabadell&ie=UTF-8&oe=UTF-8&hl=es-es&client=safari,,2,b'd\x00\x00\x00',,,0,100,200
15371,http://translate.google.es/,,1,b'd\x00\x00\x00',,,0,100,200
15372,https://translate.google.es/,,2,b'd\x00\x00\x00',,,0,100,200
15373,https://translate.google.es/?sl=es&tl=en&op=translate,,1,b'\x00\x00\x00\x00',,,0,0,200
15374,https://translate.google.es/?sl=es&tl=en&text=p&op=translate,,1,b'\x00\x00\x00\x00',,,0,0,200
15375,https://translate.google.es/?sl=es&tl=en&text=pr&op=translate,,1,b'\x00\x00\x00\x00',,,0,0,200
15376,https://translate.google.es/?sl=es&tl=en&text=pre&op=translate,,1,b'\x00\x00\x00\x00',,,0,0,200
15377,https://translate.google.es/?sl=es&tl=en&text=prep&op=translate,,1,b'\x00\x00\x00\x00',,,0,0,200
15378,https://translate.google.es/?sl=es&tl=en&text=prepa&op=translate,,1,b'\x00\x00\x00\x00',,,0,0,200
15379,https://translate.google.es/?sl=es&tl=en&text=prepar&op=translate,,1,b'\x00\x00\x00\x00',,,0,0,200
15380,https://translate.google.es/?sl=es&tl=en&text=prepara&op=translate,,1,b'\x00\x00\x00\x00',,,0,0,200
15381,https://translate.google.es/?sl=es&tl=en&text=preparad&op=translate,,1,b'\x00\x00\x00\x00',,,0,0,200
15382,https://translate.google.es/?sl=es&tl=en&text=preparada&op=translate,,1,b'\x00\x00\x00\x00',,,0,0,200
15383,https://translate.google.es/?sl=es&tl=en&text=preparada%20&op=translate,,1,b'\x00\x00\x00\x00',,,0,0,200
15384,https://translate.google.es/?sl=es&tl=en&text=preparada%20o&op=translate,,1,b'\x00\x00\x00\x00',,,0,0,200
15385,https://translate.google.es/?sl=es&tl=en&text=preparada%20oa&op=translate,,1,b'\x00\x00\x00\x00',,,0,0,200
15386,https://translate.google.es/?sl=es&tl=en&text=preparada%20oar&op=translate,,1,b'\x00\x00\x00\x00',,,0,0,200
15387,https://translate.google.es/?sl=es&tl=en&text=preparada%20oara&op=translate,,1,b'\x00\x00\x00\x00',,,0,0,200
15388,https://translate.google.es/?sl=es&tl=en&text=preparada%20oara%20&op=translate,,1,b'\x00\x00\x00\x00',,,0,0,200
15389,https://translate.google.es/?sl=es&tl=en&text=preparada%20oara%20v&op=translate,,1,b'\x00\x00\x00\x00',,,0,0,200
15390,https://translate.google.es/?sl=es&tl=en&text=preparada%20oara%20ve&op=translate,,1,b'\x00\x00\x00\x00',,,0,0,200
15391,https://translate.google.es/?sl=es&tl=en&text=preparada%20oara%20ver&op=translate,,1,b'\x00\x00\x00\x00',,,0,0,200
15392,https://translate.google.es/?sl=es&tl=en&text=preparada%20oara%20vera&op=translate,,1,b'\x00\x00\x00\x00',,,0,0,200
15393,https://translate.google.es/?sl=es&tl=en&text=preparada%20oara%20veran&op=translate,,1,b'\x00\x00\x00\x00',,,0,0,200
15394,https://translate.google.es/?sl=es&tl=en&text=preparada%20oara%20verano&op=translate,,1,b'\x00\x00\x00\x00',,,0,0,200
15395,https://translate.google.es/?sl=es&tl=en&text=preparada%20oara%20verano%20&op=translate,,1,b'\x00\x00\x00\x00',,,0,0,200
15396,https://translate.google.es/?sl=es&tl=en&text=preparada%20para%20verano&op=translate,,1,b'\x00\x00\x00\x00',,,0,0,200
15397,http://twitch.tv/danielkikos,,1,b'd\x00\x00\x00',,,0,100,200
15398,https://m.twitch.tv/danielkikos?desktop-redirect=true,,2,b'd\x00\x00\x00',,,0,100,200
15399,https://m.twitch.tv/danielkikos,,1,b'\x00\x00\x00\x00',,,0,0,200
15400,https://www.google.es/search?q=normas+en+andorra&ie=UTF-8&oe=UTF-8&hl=es-es&client=safari,,2,b'd\x00\x00\x00',,,0,100,200
15401,https://www.exteriores.gob.es/Consulados/andorra/es/ViajarA/Paginas/Seguridad-y-otros-aspectos.aspx,,1,b'd\x00\x00\x00',,,0,100,200
15402,https://www.exteriores.gob.es/Embajadas/andorra/es/ViajarA/Paginas/Recomendaciones-de-viaje.aspx,,1,b'd\x00\x00\x00',,,0,100,200
15403,https://www.google.es/search?q=normas+en+andorra&ie=UTF-8&oe=UTF-8&hl=es-es&client=safari#ip=1,,1,b'd\x00\x00\x00',,,0,100,200
15404,https://www.google.es/search?q=haet&ie=UTF-8&oe=UTF-8&hl=es-es&client=safari,,2,b'd\x00\x00\x00',,,0,100,200
15405,https://www.google.es/search?client=safari&hl=es-es&sxsrf=AJOqlzWgwU7jcP7qtDOTRNaA7pP1KkCU4Q:1676238621965&q=heat&spell=1&sa=X&ved=2ahUKEwiyzPu8-5D9AhWI-KQKHRbqBW0QBSgAegQIBxAB&biw=414&bih=710&dpr=2,,2,b'd\x00\x00\x00',,,0,100,200
15406,https://www.google.es/search?q=hospital+quir%C3%B3nsalud+barcelona&client=safari&hl=es-es&biw=414&bih=710&sxsrf=AJOqlzWcX3bBcbJ7tiTnU1wNPmI7nFcCqQ%3A1676238624846&ei=IF_pY6KpM5CTsAfzkamYAw&gs_ssp=eJzj4tVP1zc0TM8oTirOMkk2YLRSNagwNEo0sbQwMDExsTRNMUtNsTKoMDUwTrNITDNINrUwNzK3SPaSz8gvLsgsScxRKCzNLDq8Oa84Mac0RSEpsSg5NSc_LxEAYYYcIQ&oq=hospital+quir&gs_lcp=ChNtb2JpbGUtZ3dzLXdpei1zZXJwEAEYATIICAAQgAQQsQMyCwguEK8BEMcBEIAEMgsILhCABBDHARCvATILCAAQgAQQsQMQyQMyCwguEIAEEMcBEK8BMgUIABCABDIFCAAQgAQyBQgAEIAEOgcIIxCwAxAnOgoIABBHENYEELADOgcIABCwAxBDOgwILhDIAxCwAxBDGAE6DwguENQCEMgDELADEEMYAToHCCMQ6gIQJzoNCC4QxwEQrwEQ6gIQJzoECCMQJzoECC4QQzoECAAQQzoGCCMQJxATOgcILhDUAhBDOgsIABCABBCxAxCDAToKCC4QxwEQ0QMQQzoKCC4QgAQQ1AIQCjoHCAAQgAQQCjoKCC4QgAQQsQMQCjoKCAAQgAQQsQMQCjoQCC4QgAQQsQMQxwEQrwEQCjoNCC4QgAQQxwEQrwEQCjoICC4QgAQQsQM6DgguEIAEELEDEMcBEK8BOhEILhCABBCxAxCDARDHARCvAToNCC4QrwEQxwEQgAQQCjoNCAAQgAQQsQMQyQMQCkoECEEYAFDJEFiuLGDtcWgDcAB4AIABhgKIAfgQkgEGMC4xMS4ymAEAoAEBsAEPyAERwAEB2gEECAEYCA&sclient=mobile-gws-wiz-serp,,2,b'd\x00\x00\x00',,,0,100,200
15407,https://www.google.es/search?q=hospital+quir%C3%B3nsalud+barcelona&client=safari&hl=es-es&biw=414&bih=710&sxsrf=AJOqlzWcX3bBcbJ7tiTnU1wNPmI7nFcCqQ%3A1676238624846&ei=IF_pY6KpM5CTsAfzkamYAw&gs_ssp=eJzj4tVP1zc0TM8oTirOMkk2YLRSNagwNEo0sbQwMDExsTRNMUtNsTKoMDUwTrNITDNINrUwNzK3SPaSz8gvLsgsScxRKCzNLDq8Oa84Mac0RSEpsSg5NSc_LxEAYYYcIQ&oq=hospital+quir&gs_lcp=ChNtb2JpbGUtZ3dzLXdpei1zZXJwEAEYATIICAAQgAQQsQMyCwguEK8BEMcBEIAEMgsILhCABBDHARCvATILCAAQgAQQsQMQyQMyCwguEIAEEMcBEK8BMgUIABCABDIFCAAQgAQyBQgAEIAEOgcIIxCwAxAnOgoIABBHENYEELADOgcIABCwAxBDOgwILhDIAxCwAxBDGAE6DwguENQCEMgDELADEEMYAToHCCMQ6gIQJzoNCC4QxwEQrwEQ6gIQJzoECCMQJzoECC4QQzoECAAQQzoGCCMQJxATOgcILhDUAhBDOgsIABCABBCxAxCDAToKCC4QxwEQ0QMQQzoKCC4QgAQQ1AIQCjoHCAAQgAQQCjoKCC4QgAQQsQMQCjoKCAAQgAQQsQMQCjoQCC4QgAQQsQMQxwEQrwEQCjoNCC4QgAQQxwEQrwEQCjoICC4QgAQQsQM6DgguEIAEELEDEMcBEK8BOhEILhCABBCxAxCDARDHARCvAToNCC4QrwEQxwEQgAQQCjoNCAAQgAQQsQMQyQMQCkoECEEYAFDJEFiuLGDtcWgDcAB4AIABhgKIAfgQkgEGMC4xMS4ymAEAoAEBsAEPyAERwAEB2gEECAEYCA&sclient=mobile-gws-wiz-serp#wptab=si:AEcPFx5jpOaz0i-pibnxThIHDmlA3HpgxHUymfZH__hhRVeP2RYRP27sf0hPqLTqSEOpFBV-3NQQRXQg9RjZefu7LQxBMKfadwcn4IlJZMCck-RC81x6B5C3bO320DC_G4YBzUSnErtxPAXkA0NKxdfgAmcr15W-km0kXrgXLoKkIyXzdh6VPWE%3D,,1,b'\x00\x00\x00\x00',,,0,0,200
15408,https://www.google.es/search?q=hospital+quir%C3%B3nsalud+barcelona&client=safari&hl=es-es&biw=414&bih=710&sxsrf=AJOqlzWcX3bBcbJ7tiTnU1wNPmI7nFcCqQ%3A1676238624846&ei=IF_pY6KpM5CTsAfzkamYAw&gs_ssp=eJzj4tVP1zc0TM8oTirOMkk2YLRSNagwNEo0sbQwMDExsTRNMUtNsTKoMDUwTrNITDNINrUwNzK3SPaSz8gvLsgsScxRKCzNLDq8Oa84Mac0RSEpsSg5NSc_LxEAYYYcIQ&oq=hospital+quir&gs_lcp=ChNtb2JpbGUtZ3dzLXdpei1zZXJwEAEYATIICAAQgAQQsQMyCwguEK8BEMcBEIAEMgsILhCABBDHARCvATILCAAQgAQQsQMQyQMyCwguEIAEEMcBEK8BMgUIABCABDIFCAAQgAQyBQgAEIAEOgcIIxCwAxAnOgoIABBHENYEELADOgcIABCwAxBDOgwILhDIAxCwAxBDGAE6DwguENQCEMgDELADEEMYAToHCCMQ6gIQJzoNCC4QxwEQrwEQ6gIQJzoECCMQJzoECC4QQzoECAAQQzoGCCMQJxATOgcILhDUAhBDOgsIABCABBCxAxCDAToKCC4QxwEQ0QMQQzoKCC4QgAQQ1AIQCjoHCAAQgAQQCjoKCC4QgAQQsQMQCjoKCAAQgAQQsQMQCjoQCC4QgAQQsQMQxwEQrwEQCjoNCC4QgAQQxwEQrwEQCjoICC4QgAQQsQM6DgguEIAEELEDEMcBEK8BOhEILhCABBCxAxCDARDHARCvAToNCC4QrwEQxwEQgAQQCjoNCAAQgAQQsQMQyQMQCkoECEEYAFDJEFiuLGDtcWgDcAB4AIABhgKIAfgQkgEGMC4xMS4ymAEAoAEBsAEPyAERwAEB2gEECAEYCA&sclient=mobile-gws-wiz-serp#wptab=si:AEcPFx5jpOaz0i-pibnxThIHDmlA3HpgxHUymfZH__hhRVeP2RYRP27sf0hPqLTqSEOpFBV-3NQQRXQg9RjZefu7LQxBMKfadwcn4IlJZMCck-RC81x6B5C3bO320DC_G4YBzUSnErtxPAXkA0NKxdfgAmcr15W-km0kXrgXLoKkIyXzdh6VPWE%3D&lpg=cid:CgIgAQ%3D%3D,,1,b'\x00\x00\x00\x00',,,0,0,200
15409,https://www.google.es/search?q=hospital+quir%C3%B3nsalud+barcelona&client=safari&hl=es-es&biw=414&bih=710&sxsrf=AJOqlzWcX3bBcbJ7tiTnU1wNPmI7nFcCqQ%3A1676238624846&ei=IF_pY6KpM5CTsAfzkamYAw&gs_ssp=eJzj4tVP1zc0TM8oTirOMkk2YLRSNagwNEo0sbQwMDExsTRNMUtNsTKoMDUwTrNITDNINrUwNzK3SPaSz8gvLsgsScxRKCzNLDq8Oa84Mac0RSEpsSg5NSc_LxEAYYYcIQ&oq=hospital+quir&gs_lcp=ChNtb2JpbGUtZ3dzLXdpei1zZXJwEAEYATIICAAQgAQQsQMyCwguEK8BEMcBEIAEMgsILhCABBDHARCvATILCAAQgAQQsQMQyQMyCwguEIAEEMcBEK8BMgUIABCABDIFCAAQgAQyBQgAEIAEOgcIIxCwAxAnOgoIABBHENYEELADOgcIABCwAxBDOgwILhDIAxCwAxBDGAE6DwguENQCEMgDELADEEMYAToHCCMQ6gIQJzoNCC4QxwEQrwEQ6gIQJzoECCMQJzoECC4QQzoECAAQQzoGCCMQJxATOgcILhDUAhBDOgsIABCABBCxAxCDAToKCC4QxwEQ0QMQQzoKCC4QgAQQ1AIQCjoHCAAQgAQQCjoKCC4QgAQQsQMQCjoKCAAQgAQQsQMQCjoQCC4QgAQQsQMQxwEQrwEQCjoNCC4QgAQQxwEQrwEQCjoICC4QgAQQsQM6DgguEIAEELEDEMcBEK8BOhEILhCABBCxAxCDARDHARCvAToNCC4QrwEQxwEQgAQQCjoNCAAQgAQQsQMQyQMQCkoECEEYAFDJEFiuLGDtcWgDcAB4AIABhgKIAfgQkgEGMC4xMS4ymAEAoAEBsAEPyAERwAEB2gEECAEYCA&sclient=mobile-gws-wiz-serp#lpg=cid:CgIgAQ%3D%3D&wptab=si:AEcPFx7eHRJU0tWbjC5cc2C2rVygfPuoetC2JDc0IDqLp89f-EPmZhgO40g-JdpEF4PJ9kJLPjNB8cuZefGDgG5YZEmYwAdFojEFo0brAR5Bs2PiODsu4P59d8NYBOHZWI3YrWI35pR-UX7bV0sRO9zZA7nE_VpcZw%3D%3D,,2,b'd\x00\x00\x00',,,0,100,200
15410,https://www.google.es/search?q=pas+polinya&ie=UTF-8&oe=UTF-8&hl=es-es&client=safari,,2,b'd\x00\x00\x00',,,0,100,200
15411,https://www.google.es/search?q=parking+can+robert+la+lol&ie=UTF-8&oe=UTF-8&hl=es-es&client=safari,,3,b'd\x00\x00\x00',,,0,100,200
15412,https://www.google.es/search?q=parking+can+robert+la+lol&ie=UTF-8&oe=UTF-8&hl=es-es&client=safari#sbfbu=1&pi=parking%20can%20robert%20la%20lol,,1,b'\x00\x00\x00\x00',,,0,0,200
15413,https://www.google.es/search?q=parking+can+robert+la+mola&client=safari&hl=es-es&sxsrf=AJOqlzWk87NtKeDgPpVNLA8LtfusVCwsEw%3A1676319658756&ei=qpvqY-_jLajc7_UP6s6gwAI&oq=parking+can+robert+la+lol&gs_lcp=ChNtb2JpbGUtZ3dzLXdpei1zZXJwEAEYADIKCAAQRxDWBBCwAzIKCAAQRxDWBBCwAzIKCAAQRxDWBBCwAzIKCAAQRxDWBBCwAzIKCAAQRxDWBBCwAzIKCAAQRxDWBBCwAzIKCAAQRxDWBBCwAzIKCAAQRxDWBBCwA0oECEEYAFAAWABgqQhoAXAAeACAAQCIAQCSAQCYAQDIAQjAAQE&sclient=mobile-gws-wiz-serp,,3,b'd\x00\x00\x00',,,0,100,200
15414,https://www.google.es/search?q=parking+can+robert+la+mola&client=safari&hl=es-es&sxsrf=AJOqlzWk87NtKeDgPpVNLA8LtfusVCwsEw%3A1676319658756&ei=qpvqY-_jLajc7_UP6s6gwAI&oq=parking+can+robert+la+lol&gs_lcp=ChNtb2JpbGUtZ3dzLXdpei1zZXJwEAEYADIKCAAQRxDWBBCwAzIKCAAQRxDWBBCwAzIKCAAQRxDWBBCwAzIKCAAQRxDWBBCwAzIKCAAQRxDWBBCwAzIKCAAQRxDWBBCwAzIKCAAQRxDWBBCwAzIKCAAQRxDWBBCwA0oECEEYAFAAWABgqQhoAXAAeACAAQCIAQCSAQCYAQDIAQjAAQE&sclient=mobile-gws-wiz-serp#imgrc=6aymARi4Bc1T2M,,1,b'\x00\x00\x00\x00',,,0,0,200
15415,https://www.telecinco.es/la-isla-de-las-tentaciones/directo/20230213/ultima-hora-programa-4-la-isla-de-las-tentaciones-hoy_19_08721394.html,,1,b'd\x00\x00\x00',,,0,100,200
15416,https://www.chaiindiancuisine.com/,chaiindiancuisine,1,b'd\x00\x00\x00',,,0,100,200
15417,https://www.chaiindiancuisine.com/sabadell/,chaiindiancuisine,1,b'd\x00\x00\x00',,,0,100,200
15418,https://www.chaiindiancuisine.com/sabadell/#,chaiindiancuisine,1,b'\x00\x00\x00\x00',,,0,0,200
15419,https://www.google.es/search?q=tortas+de+avena+y+huevo&ie=UTF-8&oe=UTF-8&hl=es-es&client=safari,,2,b'd\x00\x00\x00',,,0,100,200
15420,https://www.todosacomer.net/recetas/dulces-postres/receta-facil-de-tortitas-de-avena,,1,b'd\x00\x00\x00',,,0,100,200
15421,https://www.pequerecetas.com/receta/tortitas-avena/,pequerecetas,5,b'}\x00\x00\x00',,,0,125,200
15422,https://www.pequerecetas.com/receta/tortitas-avena/#Tortitas_de_avena_en_copos,pequerecetas,1,b'\x00\x00\x00\x00',,,0,0,200
15423,https://www.hogarmania.com/cocina/recetas/tortitas-de-avena.html,hogarmania,4,b'd\x00\x00\x00',,,0,100,200
15424,https://www.hogarmania.com/cocina/recetas/arroces-cereales/porridge-gachas-avena-que-es-como-prepararlo.html,hogarmania,1,b'd\x00\x00\x00',,,0,100,200
15425,https://www.google.es/search?q=sitios+pra+cenar&ie=UTF-8&oe=UTF-8&hl=es-es&client=safari,,3,b'd\x00\x00\x00',,,0,100,200
15426,https://www.google.es/search?q=sitios+pra+cenar&ie=UTF-8&oe=UTF-8&hl=es-es&client=safari#sbfbu=1&pi=sitios%20pra%20cenar,,1,b'\x00\x00\x00\x00',,,0,0,200
15427,https://www.google.es/search?q=sitios+pra+cenar+sabadell&client=safari&hl=es-es&sxsrf=AJOqlzXCtv7JzR9pceJCYv3sIaQytKoY0Q%3A1676386175707&ei=f5_rY_K3KcjisAfYiqLwBg&oq=sitios+pra+cenar+sabadell&gs_lcp=ChNtb2JpbGUtZ3dzLXdpei1zZXJwEAMyBwgAEA0QgAQ6CggAEEcQ1gQQsAM6DQgAEEcQ1gQQyQMQsAM6CAgAEJIDELADOgcIABDJAxBDOgUIABCSAzoHCAAQgAQQCjoICAAQsQMQgwE6CQgAEBYQHhDxBDoGCAAQFhAeSgQIQRgAUK8IWKYSYOwUaAFwAHgAgAGdAYgBoAmSAQMwLjmYAQCgAQHIAQrAAQE&sclient=mobile-gws-wiz-serp,,2,b'd\x00\x00\x00',,,0,100,200
15428,https://www.google.es/search?client=safari&hl=es-es&sxsrf=AJOqlzU1If-pKF3Gx3GwVMLN3aBFvC6cZA:1676386182872&q=Restaurantes+Sabadell+baratos&sa=X&ved=2ahUKEwjit76XoZX9AhWP2KQKHQztCcAQ1QJ6BAhPEAE&biw=414&bih=796&dpr=2,,2,b'd\x00\x00\x00',,,0,100,200
15429,"https://www.google.es/search?client=safari&hl=es-es&sxsrf=AJOqlzU1If-pKF3Gx3GwVMLN3aBFvC6cZA:1676386182872&q=Restaurantes+Sabadell+baratos&sa=X&ved=2ahUKEwjit76XoZX9AhWP2KQKHQztCcAQ1QJ6BAhPEAE&biw=414&bih=796&dpr=2#trex=m_r:1,m_t:gwp,rc_q:Restaurantes%2520Sabadell%2520baratos,rc_ui:9,ru_gwp:0%252C6,ru_q:Restaurantes%2520Sabadell%2520baratos,trex_id:RnSUgd",,3,b'\x00\x00\x00\x00',,,0,0,200
15430,"https://www.google.es/search?client=safari&hl=es-es&sxsrf=AJOqlzU1If-pKF3Gx3GwVMLN3aBFvC6cZA:1676386182872&q=Restaurantes+Sabadell+baratos&sa=X&ved=2ahUKEwjit76XoZX9AhWP2KQKHQztCcAQ1QJ6BAhPEAE&biw=414&bih=796&dpr=2#trex=m_t:lcl_akp,rc_f:rln,rc_ludocids:15105998552115372895,ru_gwp:0%252C7,ru_lqi:Ch1SZXN0YXVyYW50ZXMgU2FiYWRlbGwgYmFyYXRvc0iHjs6n4KuAgAhaLRAAEAIYABgBIh1yZXN0YXVyYW50ZXMgc2FiYWRlbGwgYmFyYXRvcyoECAMQAJIBDWJhcl9hbmRfZ3JpbGyaASNDaFpEU1VoTk1HOW5TMFZKUTBGblNVUnJNVjlUVEdOQkVBRaoBNRABGh8QASIb9VsPwgNYIP79bc9T4Qm03C9mWq9Ksbz9eX7sKhAiDHJlc3RhdXJhbnRlcygO,ru_phdesc:AvJYgrHPAnA,trex_id:WzI7Bf",,1,b'\x00\x00\x00\x00',,,0,0,200
15431,"https://www.google.es/search?client=safari&hl=es-es&sxsrf=AJOqlzU1If-pKF3Gx3GwVMLN3aBFvC6cZA:1676386182872&q=Restaurantes+Sabadell+baratos&sa=X&ved=2ahUKEwjit76XoZX9AhWP2KQKHQztCcAQ1QJ6BAhPEAE&biw=414&bih=796&dpr=2#trex=m_t:lcl_akp,rc_f:rln,rc_ludocids:15105998552115372895,ru_gwp:0%252C7,ru_lqi:Ch1SZXN0YXVyYW50ZXMgU2FiYWRlbGwgYmFyYXRvc0iHjs6n4KuAgAhaLRAAEAIYABgBIh1yZXN0YXVyYW50ZXMgc2FiYWRlbGwgYmFyYXRvcyoECAMQAJIBDWJhcl9hbmRfZ3JpbGyaASNDaFpEU1VoTk1HOW5TMFZKUTBGblNVUnJNVjlUVEdOQkVBRaoBNRABGh8QASIb9VsPwgNYIP79bc9T4Qm03C9mWq9Ksbz9eX7sKhAiDHJlc3RhdXJhbnRlcygO,ru_phdesc:AvJYgrHPAnA,trex_id:WzI7Bf&lpg=cid:CgIgAQ%3D%3D",,1,b'\x00\x00\x00\x00',,,0,0,200
15432,"https://www.google.es/search?client=safari&hl=es-es&sxsrf=AJOqlzU1If-pKF3Gx3GwVMLN3aBFvC6cZA:1676386182872&q=Restaurantes+Sabadell+baratos&sa=X&ved=2ahUKEwjit76XoZX9AhWP2KQKHQztCcAQ1QJ6BAhPEAE&biw=414&bih=796&dpr=2#trex=m_t:lcl_akp,rc_f:rln,rc_ludocids:8733548715509402799,ru_gwp:0%252C7,ru_lqi:Ch1SZXN0YXVyYW50ZXMgU2FiYWRlbGwgYmFyYXRvc0js68Te6JWAgAhaLRAAEAIYABgBIh1yZXN0YXVyYW50ZXMgc2FiYWRlbGwgYmFyYXRvcyoECAMQAJIBCnJlc3RhdXJhbnSaASNDaFpEU1VoTk1HOW5TMFZKUTBGblNVUkRha3A2TkdaQkVBRaoBNRABGh8QASIb9VsPwgNYIP79bc9T4Qm03C9mWq9Ksbz9eX7sKhAiDHJlc3RhdXJhbnRlcygO,ru_phdesc:hqN396EJ8ls,trex_id:eLXWCd",,1,b'\x00\x00\x00\x00',,,0,0,200
15433,https://www.google.es/search?q=carnaval+en+playa+de+aro&ie=UTF-8&oe=UTF-8&hl=es-es&client=safari,,2,b'd\x00\x00\x00',,,0,100,200
15434,http://platjadaro.com/carnaval/,platjadaro,1,b'd\x00\x00\x00',,,0,100,200
15435,https://www.google.es/search?q=charco+azul+chulilla&ie=UTF-8&oe=UTF-8&hl=es-es&client=safari,,3,b'\xa0\x00\x00\x00',,,0,160,200
15436,https://www.linkalicante.com/charco-azul-chulilla/#elementor-toc__heading-anchor-0,linkalicante,1,b'd\x00\x00\x00',,,0,100,200
15437,https://www.google.es/search?client=safari&hl=es-es&sxsrf=AJOqlzWuFWUk3SC5wWL-afGFUO49YhbV3g:1676389384559&q=Como+llegar+al+Charco+Azul+Chulilla&sa=X&ved=2ahUKEwiagZaOrZX9AhVbXaQEHVzfCjAQ1QJ6BAgqEAE&biw=414&bih=796&dpr=2,,2,b'd\x00\x00\x00',,,0,100,200
15438,https://www.google.es/search?client=safari&hl=es-es&sxsrf=AJOqlzWuFWUk3SC5wWL-afGFUO49YhbV3g:1676389384559&q=Como+llegar+al+Charco+Azul+Chulilla&sa=X&ved=2ahUKEwiagZaOrZX9AhVbXaQEHVzfCjAQ1QJ6BAgqEAE&biw=414&bih=796&dpr=2#tduds=!1m3!1m1!2s!4e2!1m6!1m2!1s0xd60954f361906e7:0x74f4ae1c5704f264!2sal%20Charco%20Azul%20Chulilla!2m2!1d-0.8916312999999999!2d39.6574217!2m0!3e0,,1,b'\x00\x00\x00\x00',,,0,0,200
15439,https://www.google.es/search?q=lkollo+sabadell&ie=UTF-8&oe=UTF-8&hl=es-es&client=safari,,2,b'd\x00\x00\x00',,,0,100,200
15440,https://www.google.es/search?q=lkollo+sabadell&ie=UTF-8&oe=UTF-8&hl=es-es&client=safari#wptab=si:AEcPFx5jpOaz0i-pibnxThIHDmlA3HpgxHUymfZH__hhRVeP2RYRP27sf0hPqLTqSEOpFBWitWExTcPI_TGh2Y4Hny_0vCesy83PQgi1K5f5EVsAT6WD1zkRERTjn-yt4hhOs-RfwyYz,,1,b'\x00\x00\x00\x00',,,0,0,200
15441,https://www.google.es/search?q=lkollo+sabadell&ie=UTF-8&oe=UTF-8&hl=es-es&client=safari#wptab=si:AEcPFx5jpOaz0i-pibnxThIHDmlA3HpgxHUymfZH__hhRVeP2RYRP27sf0hPqLTqSEOpFBWitWExTcPI_TGh2Y4Hny_0vCesy83PQgi1K5f5EVsAT6WD1zkRERTjn-yt4hhOs-RfwyYz&lpg=cid:CgIgAQ%3D%3D,,1,b'\x00\x00\x00\x00',,,0,0,200
15442,https://www.google.es/search?q=lkollo+sabadell&ie=UTF-8&oe=UTF-8&hl=es-es&client=safari#lpg=cid:CgIgAQ%3D%3D&wptab=si:AEcPFx7847HPafTCGQoZoRwJPmCpuOIej51dh7tJmlajlKYBXMQkAXeK4AV8szP6m78egUFe1mWkidGGTwbtcm9cLeW4dCCp3TH2K_c8JAM1HaMeTBvJDiReWFt00solKHn3oYGhriLg,,1,b'\x00\x00\x00\x00',,,0,0,200
15443,https://www.google.es/search?q=lkollo+sabadell&ie=UTF-8&oe=UTF-8&hl=es-es&client=safari#lpg=cid:CgIgAQ%3D%3D&wptab=si:AEcPFx7eHRJU0tWbjC5cc2C2rVygfPuoetC2JDc0IDqLp89f-FC7Y0NWI-OoMygjRDK8g9Soj9egGA8zW9DXtASXlP9qqnvlhJ3yZHKDIlEPuqjsy2neAzA%3D,,2,b'<\x00\x00\x00',,,0,60,200
15444,"https://www.googleadservices.com/pagead/aclk?sa=L&ai=CP5bS-uHrY5nVJuO_mLAPye2o-APk9P_xbpDQxKGzEWQQASAAYNXd04LcCIIBF2NhLXB1Yi02MjE5ODExNzQ3MDQ5MzcxoAHT_PbVA6kC7-3G4tn-sT6oAwSqBLYBT9ASVqiSVM6KyYNQGvT-nswrkFpArTIde6mSm0XwYU0jVwiuO7TeYf5Nyg4DQ1iSWjg-WfC_wY4KBrqyHu3CSa0dwbda7fKa1NzxObp-eAtPCV9MpdcrUVoHiyxCSkIafAABfby7fzNlngDKRagpNRp4uCC-9yi-uNou1ffe7O7-XGds9u1Vt-g1UwVplfwhooZs5m0gfrTG6diF2LkhHRS3TXrC_4NqjPygaxfnRvfGTughu0uIBf26zbdCkgUKCBNoAXi00YHaAaAGGtIGDxCv89G0ARjIy6_S8AYoB9gGAoAH9-nsyAGIBwGQBwKYBwKoB4KqsQKoB4QIqAeo0huoB7YHqAeMzRuoB7HcG6gHpJqxAqgHkZ-xAqgH5pqxAqgH9JmxAqgHsJuxAqgH36GxAqgHpqqxAqgHgcYbqAerxRuoB-adsQKoB8ifsQKoB7ehsQKoB9yisQKwCAy4CAHSCBoIgICAkAQQAhhaMgSghIACOgjP0ICAgIDECLEJWsCg3cgHZwPICQC6C1oIAhAFGBYgCCgBMANABUgAWANgAGgAcAGIAQCYAQGiAS0KBAgAIAPQAQGIAgKQAgKoAgWyAhIIAxABGgwI-6mwmQYQt7y-lAPAAgLQAgGoAQHYAQGAAgGIAgXQCxK4DAHSDAQIARABmg0BErgThwSwFALAFYGAgEDQFQHYFQGYFgHiFgIIAYAXAYoXCggDGAEoATABOAGgFwGpF8jeZMnbHzGEuhcCEAE&num=1&cid=CAESD-D2-HB87XPYctqKZv5XUg&sig=AOD64_1UlyJN9A5rdgfPK15wB5dUEp1eUA&adurl=https://www.google.com/search%3Fq%3DNike%2BUnite%2BParc%2BVall%26ludocid%3D6207049300654016130%26ibp%3Dgwp%3B0,7&ms=zo-X9mQy85QL9J0hO4C6-EktPeWOK9b-0B6-OobYWAaKgcntDcz6NqAXxIZoT84u0KbVDf0Br_HHL9Vsu4eTTMYgPLeqmcGzyaWzHu_sBY6rJ-NJGRMOR2Rfk9LQTBmBFM04F3oidHRg2Fx8cCpzHplz4aKQYwj7vyudb_14RlUMivwh-XcKnyfAr8TcUNNim_kV_r86VsIZ0gQmXnTn4fb2tzy5l-ffgwvnkcC9DX5-tu-tMn5OPB4EDq9niL1Xd8oS8q8touBOt3u5w9tRAV85PujhvX8-xH568tcxxYDCgmxpNUnTK0MCudv5sdsPQ6QJ41tbNRlAkPXYyIQxJg&nb=9&nx=413&ny=124&dim=414x376",googleadservices,1,b'd\x00\x00\x00',,,0,100,200
15445,"https://www.google.com/search?q=Nike+Unite+Parc+Vall&ludocid=6207049300654016130&ibp=gwp;0,7",google,3,b'd\x00\x00\x00',,,0,100,200
15446,"https://www.google.com/search?q=Nike+Unite+Parc+Vall&ludocid=6207049300654016130&ibp=gwp;0,7#lpg=cid:CgIgAQ%3D%3D",google,1,b'\x00\x00\x00\x00',,,0,0,200
15447,https://www.google.es/search?q=ravioli+de+pekotino&ie=UTF-8&oe=UTF-8&hl=es-es&client=safari,,3,b'd\x00\x00\x00',,,0,100,200
15448,https://www.google.es/search?q=ravioli+de+pekotino&ie=UTF-8&oe=UTF-8&hl=es-es&client=safari#sbfbu=1&pi=ravioli%20de%20pekotino,,1,b'\x00\x00\x00\x00',,,0,0,200
15449,https://www.google.es/search?q=ravioli+napolitana&client=safari&hl=es-es&sxsrf=AJOqlzWqqB-NjuGpOzL0dDLYv-zGOQWGhA%3A1676407042580&ei=AvHrY8_rIuidkdUPusO4gAo&oq=ravioli+napo&gs_lcp=ChNtb2JpbGUtZ3dzLXdpei1zZXJwEAEYADIFCAAQgAQyCAgAEIAEEMsBMggIABCABBDLATIICAAQgAQQywEyCAgAEIAEEMsBMggIABCABBDLATIICAAQgAQQywEyCAgAEIAEEMsBOgoIABBHENYEELADOgcIIRCgARAKOgkIABAWEB4Q8QQ6BggAEBYQHjoECCMQJzoKCAAQgAQQChDLAToKCAAQgAQQFBCHAjoHCAAQgAQQCjoICAAQ4wQQ6QQ6EAgAEIAEEBQQhwIQsQMQgwE6BwgjEOoCECc6CwgAEIAEELEDEIMBOgsILhCABBCxAxCDAToFCC4QgAQ6CAguEIAEELEDOhEILhCABBCxAxCDARDHARDRAzoICAAQgAQQsQM6BAguEEM6BwguELEDEEM6CwguEIAEEMcBEK8BOggILhCxAxCABDoKCC4QsQMQgAQQCjoECAAQQzoPCC4QgAQQFBCHAhCxAxAKOg0ILhAUEIcCELEDEIAEOg0ILhCABBAUEIcCELEDOgsIABCABBDJAxDLAToICC4QgAQQywFKBAhBGABQoghYjusCYMHxAmgUcAB4AYABzwGIAfslkgEGMC4zMC4ymAEAoAEBsAEPyAEIwAEB&sclient=mobile-gws-wiz-serp,,3,b'd\x00\x00\x00',,,0,100,200
15450,https://www.google.es/search?q=ravioli+napolitana&client=safari&hl=es-es&sxsrf=AJOqlzWqqB-NjuGpOzL0dDLYv-zGOQWGhA%3A1676407042580&ei=AvHrY8_rIuidkdUPusO4gAo&oq=ravioli+napo&gs_lcp=ChNtb2JpbGUtZ3dzLXdpei1zZXJwEAEYADIFCAAQgAQyCAgAEIAEEMsBMggIABCABBDLATIICAAQgAQQywEyCAgAEIAEEMsBMggIABCABBDLATIICAAQgAQQywEyCAgAEIAEEMsBOgoIABBHENYEELADOgcIIRCgARAKOgkIABAWEB4Q8QQ6BggAEBYQHjoECCMQJzoKCAAQgAQQChDLAToKCAAQgAQQFBCHAjoHCAAQgAQQCjoICAAQ4wQQ6QQ6EAgAEIAEEBQQhwIQsQMQgwE6BwgjEOoCECc6CwgAEIAEELEDEIMBOgsILhCABBCxAxCDAToFCC4QgAQ6CAguEIAEELEDOhEILhCABBCxAxCDARDHARDRAzoICAAQgAQQsQM6BAguEEM6BwguELEDEEM6CwguEIAEEMcBEK8BOggILhCxAxCABDoKCC4QsQMQgAQQCjoECAAQQzoPCC4QgAQQFBCHAhCxAxAKOg0ILhAUEIcCELEDEIAEOg0ILhCABBAUEIcCELEDOgsIABCABBDJAxDLAToICC4QgAQQywFKBAhBGABQoghYjusCYMHxAmgUcAB4AYABzwGIAfslkgEGMC4zMC4ymAEAoAEBsAEPyAEIwAEB&sclient=mobile-gws-wiz-serp#sbfbu=1&pi=ravioli%20napolitana,,1,b'\x00\x00\x00\x00',,,0,0,200
15451,https://www.google.es/search?q=ravioli+alla+panna&client=safari&hl=es-es&sxsrf=AJOqlzXYMs4CFuDrj_cyO7FYcFui01cRAw%3A1676407118754&ei=TvHrY9H7LPaRkdUPvNiBiA0&oq=ravioli+alla&gs_lcp=ChNtb2JpbGUtZ3dzLXdpei1zZXJwEAEYADIFCAAQgAQyBQgAEIAEMgUILhCABDIFCAAQgAQyCAgAEIAEEMsBMggIABCABBDLATIICAAQgAQQywEyBQgAEIAEOgoIABBHENYEELADOgQIIxAnOgoIABCABBAKEMsBOgsIABAWEB4Q8QQQCjoLCC4QgAQQxwEQrwE6CwgAEIAEEMkDEMsBOggILhCABBDLAToQCAAQgAQQFBCHAhCxAxCDAToKCAAQgAQQFBCHAkoECEEYAFCWB1jPImDaKGgBcAB4AIABoAGIAaUPkgEEMC4xNJgBAKABAcgBCMABAQ&sclient=mobile-gws-wiz-serp,,4,b'\xc8\x00\x00\x00d\x00\x00\x00',,,0,300,0
15452,https://www.google.es/search?q=berska&ie=UTF-8&oe=UTF-8&hl=es-es&client=safari,,2,b'd\x00\x00\x00',,,0,100,200
15453,https://www.bershka.com/es/mujer/rebajas-en-ropa-de-mujer-c1010466057.html,bershka,7,b'd\x00\x00\x00',,,0,100,200
15454,https://www.bershka.com/es/mujer/rebajas-en-ropa-de-mujer-c1010466057.html?news=1,bershka,5,b'\x00\x00\x00\x00',,,0,0,200
15455,https://www.bershka.com/es/q/so%C3%B1%C3%A9,bershka,5,b'\x00\x00\x00\x00',,,0,0,200
15456,https://www.bershka.com/es/q/snow,bershka,2,b'\x00\x00\x00\x00',,,0,0,200
15457,https://www.bershka.com/es/h-woman.html,bershka,8,b'\x00\x00\x00\x00',,,0,0,200
15458,https://www.bershka.com/es/mujer/rebajas-c1010619760.html,bershka,6,b'\x00\x00\x00\x00',,,0,0,200
15459,https://www.bershka.com/es/botines-plataforma-xl-con-el%C3%A1sticos-c0p128351205.html?colorId=040,bershka,2,b'\x00\x00\x00\x00',,,0,0,200
15460,https://www.bershka.com/es/wish-list.html,bershka,2,b'\x00\x00\x00\x00',,,0,0,200
15461,https://www.bershka.com/es/q/nieve,bershka,2,b'\x00\x00\x00\x00',,,0,0,200
15462,https://www.google.es/search?q=farmacia+can+deu&ie=UTF-8&oe=UTF-8&hl=es-es&client=safari,,2,b'd\x00\x00\x00',,,0,100,200
15463,https://www.google.es/search?q=farmacia+can+deu&ie=UTF-8&oe=UTF-8&hl=es-es&client=safari#wptab=si:AEcPFx4O1rpuK0YZ8SdI9091mD5yB2HxMDiKGkM_84Lxae1RAKbkZ3wUst1MVSgpK-URHYI2GUO99XX0y5ulJubTY9SYRf7L2rYb_p3Rk-EJlsyxstvimRFq_Sk0CVKfewI3Q2iSDglvFhV6KDKcUURdQVVdI3DyFQ%3D%3D,,1,b'\x00\x00\x00\x00',,,0,0,200
15464,https://www.google.es/search?q=farmacia+can+deu&ie=UTF-8&oe=UTF-8&hl=es-es&client=safari#wptab=si:AEcPFx4O1rpuK0YZ8SdI9091mD5yB2HxMDiKGkM_84Lxae1RAKbkZ3wUst1MVSgpK-URHYI2GUO99XX0y5ulJubTY9SYRf7L2rYb_p3Rk-EJlsyxstvimRFq_Sk0CVKfewI3Q2iSDglvFhV6KDKcUURdQVVdI3DyFQ%3D%3D&lpg=cid:CgIgAQ%3D%3D,,1,b'\x00\x00\x00\x00',,,0,0,200
15465,https://www.google.es/search?q=farmacia+can+deu&ie=UTF-8&oe=UTF-8&hl=es-es&client=safari#lpg=cid:CgIgAQ%3D%3D&wptab=si:AEcPFx4IkMgAgMJkMTLSH7WR6YtBj6EFtw5Le3AcsuhiKcMgwgQvfWMq-WcgPpPCdcLg7vjCtR1f4gpMCvVJD_pkIvA-GqaTUeJ_0MLxiMLK29333x_9Wj8028w2hM-LzpEuDxPyuFk1,,1,b'\x00\x00\x00\x00',,,0,0,200
15466,https://www.google.es/search?q=seat+leon+azul&ie=UTF-8&oe=UTF-8&hl=es-es&client=safari,,2,b'd\x00\x00\x00',,,0,100,200
15467,https://www.milanuncios.com/seat-de-segunda-mano/leon-azul.htm,milanuncios,2,b'}\x00\x00\x00',,,0,125,200
15468,https://www.milanuncios.com/coches-de-segunda-mano/seat-leon-472117493.htm,milanuncios,1,b'\x00\x00\x00\x00',,,0,0,200
15469,https://coches.trovit.es/coches/seat-leon-azul,,1,b'd\x00\x00\x00',,,0,100,200
15470,https://www.google.es/search?q=kilometro+cero&ie=UTF-8&oe=UTF-8&hl=es-es&client=safari,,2,b'd\x00\x00\x00',,,0,100,200
15471,https://www.googleadservices.com/pagead/aclk?sa=L&ai=DChcSEwiLz8bpuJj9AhUE4ncKHcW9CXgYABABGgJlZg&ae=2&ohost=www.google.es&cid=CAESaOD2sZXZENrfd2hSsdZJukSsVarqdDbqXxGFaovOH4DmBQo14alyVJ3vlDuFti86coHNKXU4QtqnVVv08nd4wSB3DC-quvXjI5C-Lged6cE0JfdVrTMOpbfjeY3OrJ4aUWHmJd2OuR1G&sig=AOD64_1FCNs1db5U_zz_KGYwd1J0X6369Q&q&adurl&ved=2ahUKEwiIkLrpuJj9AhWGO-wKHZhuBdQQ0Qx6BAgHEAE&nis=2&dct=1,googleadservices,1,b'd\x00\x00\x00',,,0,100,200
15472,https://www.clicars.com/?campaignid=VNSHRKM0SPA&adgroupid=Genkm0Broad&kwd=automoviles%20km%200&creative=DynamicAdsv2&source_campaign=CPA&gclid=Cj0KCQiAorKfBhC0ARIsAHDzsltqW_i7vLwGiJ0IMWzgBIMvqdEuJvY2AEuznVtwxrXlo-A8qHbb7TEaAgU7EALw_wcB,clicars,1,b'd\x00\x00\x00',,,0,100,200
15473,https://www.clicars.com/coches-segunda-mano-ocasion,clicars,1,b'd\x00\x00\x00',,,0,100,200
15474,https://www.clicars.com/coches-segunda-mano-ocasion?order=price.asc,clicars,1,b'\x00\x00\x00\x00',,,0,0,200
15475,https://www.clicars.com/coches-segunda-mano-ocasion?order=price.asc&mileageMax=170000,clicars,1,b'\x00\x00\x00\x00',,,0,0,200
15476,https://www.clicars.com/coches-segunda-mano-ocasion?order=price.asc&mileageMax=170000&yearMin=2019,clicars,1,b'\x00\x00\x00\x00',,,0,0,200
15477,https://www.clicars.com/coches-segunda-mano-ocasion?order=price.asc&mileageMax=60000&yearMin=2019,clicars,1,b'\x00\x00\x00\x00',,,0,0,200
15478,https://www.clicars.com/coches-segunda-mano-ocasion/comprar-kia-rio-1-0-t-gdi-74kw-100cv-concept-100-compacto-manual-2020-57602?ts=1676495662215,clicars,4,b'd\x00\x00\x00d\x00\x00\x00',,,0,200,200
15479,https://www.clicars.com/coches-segunda-mano-ocasion/comprar-kia-rio-1-0-t-gdi-74kw-100cv-concept-100-compacto-manual-2020-57602?ts=1676495662215#&gid=1&pid=3,clicars,1,b'\x00\x00\x00\x00',,,0,0,200
15480,https://www.clicars.com/coches-segunda-mano-ocasion/comprar-kia-rio-1-0-t-gdi-74kw-100cv-concept-100-compacto-manual-2020-57602?ts=1676495662215#&gid=1&pid=4,clicars,1,b'\x00\x00\x00\x00',,,0,0,200
15481,https://www.clicars.com/coches-segunda-mano-ocasion/comprar-kia-rio-1-0-t-gdi-74kw-100cv-concept-100-compacto-manual-2020-57602?ts=1676495662215#&gid=1&pid=5,clicars,1,b'\x00\x00\x00\x00',,,0,0,200
15482,https://www.clicars.com/coches-segunda-mano-ocasion/comprar-kia-rio-1-0-t-gdi-74kw-100cv-concept-100-compacto-manual-2020-57602?ts=1676495662215#&gid=1&pid=7,clicars,1,b'\x00\x00\x00\x00',,,0,0,200
15483,https://www.clicars.com/coches-segunda-mano-ocasion/comprar-kia-rio-1-0-t-gdi-74kw-100cv-concept-100-compacto-manual-2020-57602?ts=1676495662215#&gid=1&pid=8,clicars,1,b'\x00\x00\x00\x00',,,0,0,200
15484,https://www.clicars.com/coches-segunda-mano-ocasion/comprar-kia-rio-1-0-t-gdi-74kw-100cv-concept-100-compacto-manual-2020-57602?ts=1676495662215#&gid=1&pid=10,clicars,1,b'\x00\x00\x00\x00',,,0,0,200
15485,https://www.google.es/search?q=c%C3%B3mo+se+dice+lega%C3%B1as+o+laga%C3%B1as&ie=UTF-8&oe=UTF-8&hl=es-es&client=safari,,2,b'd\x00\x00\x00',,,0,100,200
15486,https://g.co/kgs/iT79Gn,,1,b'd\x00\x00\x00',,,0,100,200
15487,"https://consent.google.it/m?continue=https://www.google.it/search%3Fclient%3Dsafari%26hl%3Dit-it%26q%3DPanperfocaccia%26ludocid%3D10393736853472918512%26gsas%3D1%26client%3Dsafari%26ibp%3Dgwp%3B0,7%26lsig%3DAB86z5XZIz2dwlQkZZHPa2GZ96NJ%26kgs%3De52881c63103a8f6%26shndl%3D-1%26shem%3Dlssle%26source%3Dsh/x/kp/local/3&gl=ES&m=1&pc=srp&uxe=none&hl=it&src=1",,2,b'd\x00\x00\x00',,,0,100,200
15488,"https://accounts.google.com/ServiceLogin?hl=it&cd=IT&continue=https://www.google.it/search?client%3Dsafari%26hl%3Dit-it%26q%3DPanperfocaccia%26ludocid%3D10393736853472918512%26gsas%3D1%26client%3Dsafari%26ibp%3Dgwp;0,7%26lsig%3DAB86z5XZIz2dwlQkZZHPa2GZ96NJ%26kgs%3De52881c63103a8f6%26shndl%3D-1%26shem%3Dlssle%26source%3Dsh/x/kp/local/3&gae=cb-none",accounts.google,2,b'd\x00\x00\x00',,,0,100,200
15489,https://accounts.google.it/accounts/SetSID,,2,b'd\x00\x00\x00',,,0,100,200
15490,"https://www.google.it/search?client=safari&hl=it-it&q=Panperfocaccia&ludocid=10393736853472918512&gsas=1&client=safari&ibp=gwp;0,7&lsig=AB86z5XZIz2dwlQkZZHPa2GZ96NJ&kgs=e52881c63103a8f6&shndl=-1&shem=lssle&source=sh/x/kp/local/3&pli=1",,4,b'\xc8\x00\x00\x00',,,0,200,200
15491,"https://www.google.it/search?client=safari&hl=it-it&q=Panperfocaccia&ludocid=10393736853472918512&gsas=1&client=safari&ibp=gwp;0,7&lsig=AB86z5XZIz2dwlQkZZHPa2GZ96NJ&kgs=e52881c63103a8f6&shndl=-1&shem=lssle&source=sh/x/kp/local/3&pli=1#lpg=cid:CgIgAQ%3D%3D",,2,b'\x00\x00\x00\x00',,,0,0,200
15492,https://g.co/kgs/6LjKvS,,1,b'd\x00\x00\x00',,,0,100,200
15493,"https://www.google.it/search?client=safari&hl=it-it&q=Kipling+Restaurant+%26+Wines&ludocid=18063839940907462833&gsas=1&client=safari&ibp=gwp;0,7&lsig=AB86z5VotKrjJfDrKH_fEEt1Dt0Z&kgs=e3a2418dd2069032&shndl=-1&shem=lssle&source=sh/x/kp/local/3",,2,b'd\x00\x00\x00',,,0,100,200
15494,"https://www.google.it/search?client=safari&hl=it-it&q=Kipling+Restaurant+%26+Wines&ludocid=18063839940907462833&gsas=1&client=safari&ibp=gwp;0,7&lsig=AB86z5VotKrjJfDrKH_fEEt1Dt0Z&kgs=e3a2418dd2069032&shndl=-1&shem=lssle&source=sh/x/kp/local/3#lpg=cid:CgIgAQ%3D%3D",,1,b'\x00\x00\x00\x00',,,0,0,200
15495,https://g.co/kgs/7AaFhF,,1,b'd\x00\x00\x00',,,0,100,200
15496,"https://www.google.it/search?client=safari&hl=it-it&q=Tre+da+Tre&ludocid=9678133163389994665&gsas=1&client=safari&ibp=gwp;0,7&lsig=AB86z5VPywv-2uyeHk-ZCl8S9xEs&kgs=ce21af9c519d2158&shndl=-1&shem=lssle&source=sh/x/kp/local/3",,2,b'd\x00\x00\x00',,,0,100,200
15497,"https://www.google.it/search?client=safari&hl=it-it&q=Tre+da+Tre&ludocid=9678133163389994665&gsas=1&client=safari&ibp=gwp;0,7&lsig=AB86z5VPywv-2uyeHk-ZCl8S9xEs&kgs=ce21af9c519d2158&shndl=-1&shem=lssle&source=sh/x/kp/local/3#lpg=cid:CgIgAQ%3D%3D",,1,b'\x00\x00\x00\x00',,,0,0,200
15498,https://news.pullandbear.com/pub/acc?_ri_=X0Gzc2X%3DAQpglLjHJlTQGydLf2lzb5F6E8kza7Ckw08okoTzaYEciarXbjn1mMzezcyjMTzdCzfmBwDFkhVXtpKX%3DSWSUBBYCT&_ei_=EU7ooyo0vVLSe1ttItyXjILONjf4yhV71YMgYPPZ2MtzIeJNXY6xyM4AskxXPc-RZnSWrikuHEUYo_AyXUwDHdz_0zgBQ2kito1brJHLGNQDX7agMZ1W1EGqO6Spk68-wUtM2clZ83wGu846rnt-t36EXLZIfAVGL2FOy4M1MjmGASGWxj9cyT-h4t2ny3Vu.&_di_=n8nom780eb1qvd9lrku6agf2cirsr67pm8ljajrot5qf8ph72ngg,news.pullandbear,1,b'd\x00\x00\x00',,,0,100,404
15499,https://www.pullandbear.com/es/x-n7522?utm_campaign=020223_Sorteo_HEAD&utm_content=woman_colecciones&utm_medium=email&utm_source=newsletter,pullandbear,2,b'\xa0\x00\x00\x00',,,0,160,404
15500,https://www.google.es/search?q=centro+comerial+andorra+la+vella&ie=UTF-8&oe=UTF-8&hl=es-es&client=safari,,4,b'\xa0\x00\x00\x00',,,0,160,200
15501,"https://www.google.es/search?q=centro+comerial+andorra+la+vella&ie=UTF-8&oe=UTF-8&hl=es-es&client=safari#trex=m_t:lcl_akp,rc_f:rln,rc_ludocids:8167851843296277971,ru_gwp:0%252C7,ru_lqi:CiFjZW50cm8gY29tZXJjaWFsIGFuZG9ycmEgbGEgdmVsbGFIxZuOsPSBgIAIWjcQABABGAAYARgCGAQiIWNlbnRybyBjb21lcmNpYWwgYW5kb3JyYSBsYSB2ZWxsYSoGCAMQABABkgEPc2hvcHBpbmdfY2VudGVymgEkQ2hkRFNVaE5NRzluUzBWSlEwRm5TVU10TlRabU5IcEJSUkFCqgE4EAEaHhABIhqBaPvQk9KRSWZyPbTPkFKvdA4ned5M7I8bbioUIhBjZW50cm8gY29tZXJjaWFsKA4,ru_phdesc:0R4qANY02TE,trex_id:vwugab",,2,b'\x00\x00\x00\x00',,,0,0,200
15502,"https://www.google.es/search?q=centro+comerial+andorra+la+vella&ie=UTF-8&oe=UTF-8&hl=es-es&client=safari#trex=m_t:lcl_akp,rc_f:rln,rc_ludocids:8167851843296277971,ru_gwp:0%252C7,ru_lqi:CiFjZW50cm8gY29tZXJjaWFsIGFuZG9ycmEgbGEgdmVsbGFIxZuOsPSBgIAIWjcQABABGAAYARgCGAQiIWNlbnRybyBjb21lcmNpYWwgYW5kb3JyYSBsYSB2ZWxsYSoGCAMQABABkgEPc2hvcHBpbmdfY2VudGVymgEkQ2hkRFNVaE5NRzluUzBWSlEwRm5TVU10TlRabU5IcEJSUkFCqgE4EAEaHhABIhqBaPvQk9KRSWZyPbTPkFKvdA4ned5M7I8bbioUIhBjZW50cm8gY29tZXJjaWFsKA4,ru_phdesc:0R4qANY02TE,trex_id:vwugab&lpg=cid:CgIgAQ%3D%3D",,2,b'\x00\x00\x00\x00',,,0,0,200
15503,https://www.google.es/search?q=zona+azul+en+andorra&ie=UTF-8&oe=UTF-8&hl=es-es&client=safari,,2,b'd\x00\x00\x00',,,0,100,200
15504,https://www.tripadvisor.es/ShowTopic-g190392-i1958-k8996397-Aparcar_en_Andorra_GRATIS-Andorra_la_Vella_Andorra_la_Vella_Parish.html#70622710,,2,b'd\x00\x00\x00',,,0,100,200
15505,http://aparcamentslamassana.com/es/zona-azul,aparcamentslamassana,1,b'd\x00\x00\x00',,,0,100,200
15506,https://zonaazul24.app/andorra/,,1,b'd\x00\x00\x00',,,0,100,200
15507,https://www.tripadvisor.es/ShowTopic-g190392-i1958-k8996397-Aparcar_en_Andorra_GRATIS-Andorra_la_Vella_Andorra_la_Vella_Parish.html,,2,b'd\x00\x00\x00',,,0,100,200
15508,https://zonaazul.city/andorra/,,1,b'd\x00\x00\x00',,,0,100,200
15509,https://www.google.es/search?q=normas+de+caldea+andorra&ie=UTF-8&oe=UTF-8&hl=es-es&client=safari,,2,b'd\x00\x00\x00',,,0,100,200
15510,https://www.caldea.com/condiciones-reserva,caldea,1,b'd\x00\x00\x00',,,0,100,200
15511,https://www.estivalpark.es/,,1,b'd\x00\x00\x00',,,0,100,200
15512,https://www.estivalpark.es/habitaciones-y-apartamentos.html,,1,b'd\x00\x00\x00',,,0,100,200
15513,https://www.estivalpark.es/ofertas.html,,1,b'd\x00\x00\x00',,,0,100,200
15514,https://estival-club-dot-estival-group.appspot.com/booking1,estival-club-dot-estival-group.appspot,1,b'd\x00\x00\x00',,,0,100,200
15515,https://oassiumhotel.com/booking0?sid=b5edd0be-a300-490b-a94d-bfe8ef2e862c&roomType=&childrenRoom1=0&roomTypeValue=&agesKid2=0%3B0%3B0%3B0&agesKid3=0%3B0%3B0%3B0&priceSeekerHotel=&booking-search-popup=%2Fstatic_1%2Fimages%2Fmobile_img%2Frenovation%2Floading_mobile.gif&adultsRoom1=2&_fbp=fb.1.1676642066401.1920049964&applicationIds=estival-pineda%3Bestival-park-2%3Bestival-park-3%3Bestival-park-aptos%3Bestival-eldorado%3Bestival-centurion&adultsRoom2=2&roomFilter=.%2A&roomFilterName=&agesKid1=0%3B0%3B0%3B0&childrenRoom3=0&numRooms=1&destination=&namespace=estival-club&packages_order=&babiesRoom3=0&roomtype_list_json=&babiesRoom1=0&babiesRoom2=0&promocode=&_ga=2.106453579.997660316.1676642066-407070724.1676642064&sourceBooking1=https%3A%2F%2Festival-club-dot-estival-group.appspot.com%2Fbooking1&adultsRoom3=2&booking-search-popup-general-text=%3Cstrong%3EBUSCANDO%3C%2Fstrong%3E%3Cbr%3EEL+MEJOR+PRECIO+ONLINE+GARANTIZADO&startDate=11%2F03%2F2023&default_destination_placeholder=Hotel&language=SPANISH&package_preselection=&endDate=&childrenRoom2=0,oassiumhotel,1,b'd\x00\x00\x00',,,0,100,200
15516,https://oassiumhotel.com/booking1,oassiumhotel,1,b'd\x00\x00\x00',,,0,100,200
15517,https://oassiumhotel.com/booking0?sid=9c052265-8219-4d97-92d4-344b6b2198cc&roomType=&original_referer=https%3A%2F%2Fwww.estivalpark.es%2F&roomFilterName=&agesKid1=0%3B0%3B0%3B0&agesKid2=0%3B0%3B0%3B0&agesKid3=0%3B0%3B0%3B0&adultsRoom1=2&applicationIds=estival-pineda%3Bestival-park-2%3Bestival-park-3%3Bestival-park-aptos%3Bestival-eldorado%3Bestival-centurion&adultsRoom2=2&roomFilter=.%2A&endDate=12%2F03%2F2023&roomTypeValue=&numRooms=1&namespace=estival-club&roomtype_list_json=&promocode=&_ga=2.49502436.393996359.1676642267-460227525.1676642266&sourceBooking1=https%3A%2F%2Foassiumhotel.com%2Fbooking1&adultsRoom3=2&roomOrder=&language=SPANISH&country=ES&priceSeekerHotel=&startDate=11%2F03%2F2023,oassiumhotel,1,b'd\x00\x00\x00',,,0,100,200
15518,https://www.google.com/url?q=https://help.traventia.com/requests/484726/satisfaction/new/7DIlH4J4TEK4YM2QE3GuCCkh3?locale%3D1186%26intention%3D16&source=gmail&ust=1676740930338000&usg=AOvVaw0SvP9Pg9tiLuNxRD4HrKRP&rct=i,google,1,b'd\x00\x00\x00',,,0,100,200
15519,https://help.traventia.com/requests/484726/satisfaction/new/7DIlH4J4TEK4YM2QE3GuCCkh3?locale=1186&intention=16,help.traventia,1,b'd\x00\x00\x00',,,0,100,200
15520,https://www.google.com/url?q=http://click.opinat.com/f/a/IyuTyINR9ovLFywMsBMzBg~~/AABHBgA~/RgRl0OA6P0RVaHR0cHM6Ly9iby1lbWVhLm9waW5hdC5jb20vaW5kZXgucGhwL3N1cnZleS9pbmRleD9pZD0wMjIxMmUwMTMxNDQ1ZmQ0Y2Y4YjE2OWFlYWM5OTVhZVcDc3BjQgpj4zpb7mPWJTDIUhltYXJ0YS5jYXJtb25hY2NAZ21haWwuY29tWAQAAAAC&source=gmail&ust=1676666190649000&usg=AOvVaw3PqTdYxAkR__Sq8xt7ebfJ&rct=i,google,1,b'd\x00\x00\x00',,,0,100,200
15521,https://bo-emea.opinat.com/index.php/survey/index?id=02212e0131445fd4cf8b169aeac995ae,bo-emea.opinat,1,b'd\x00\x00\x00',,,0,100,200
15522,https://search.google.com/local/writereview?placeid=ChIJ7daVRASYpBIRjCeHxfCKP1A,search.google,1,b'd\x00\x00\x00',,,0,100,200
15523,"https://www.google.com/url?q=http://t1.news.eu.billabong.com/r/?id%3Dhfffdbd54,35543d59,355c6915%26e%3DcDE9JTQwbXRjcThOWGpxUWdRTHZ3NlVVeUJUQSUzRCUzRCZwMj1CQiZwMz1lc19lcw%26s%3D3fmTpHeZve4T6dsm8dijXefVlITDT7-gRjrgBFcHcQc&source=gmail&ust=1676742058628000&usg=AOvVaw0CuW0cfuusUGAdDJ-bA8T9&rct=i",google,1,b'd\x00\x00\x00',,,0,100,200
15524,https://boardriders-mkt-prod1-api.adobe-campaign.com/webApp/unsub_services?id=%40mtcq8NXjqQgQLvw6UUyBTA%3D%3D&brand=BB&lang=es_es,boardriders-mkt-prod1-api.adobe-campaign,2,b'd\x00\x00\x00',,,0,100,200
15525,https://boardriders-mkt-prod1-api.adobe-campaign.com/webApp/unsub_services?id=%40mtcq8NXjqQgQLvw6UUyBTA%3D%3D&brand=BB&lang=es_es#,boardriders-mkt-prod1-api.adobe-campaign,1,b'\x00\x00\x00\x00',,,0,0,200
15526,https://billabong.com/redirect/,billabong,1,b'd\x00\x00\x00',,,0,100,200
15527,https://www.billabong.es/,,1,b'd\x00\x00\x00',,,0,100,200
