id,history_item,visit_time,title,load_successful,http_non_get,synthesized,redirect_source,redirect_destination,origin,generation,attributes,score
25335,15181,695751339.183378,,1,0,0,,,0,6877,0,100
25336,15182,695751348.734667,cine yelmo reclamaciones - Buscar con Google,1,0,0,,,0,6877,0,100
25337,15182,695751349.418631,cine yelmo reclamaciones - Buscar con Google,1,0,0,,,0,6877,3,0
25338,15183,695751423.368717,Reclamaciones contra YELMO CINES | OCU,1,0,0,,,0,6877,0,100
25339,15184,695751699.797212,Devolución entradas yelmo cines - Buscar con Google,1,0,0,,,0,6877,0,100
25340,15184,695751700.404645,Devolución entradas yelmo cines - Buscar con Google,1,0,0,,,0,6877,3,0
25341,15185,695751713.376719,No devolución o cambio de entradas - Reclamación a YELMO CINES - Enviada a través de OCU,1,0,0,,,0,6877,0,100
25342,15186,695751998.378511,Yelmo Cines y las entradas online que nunca lleguen: “Recuperar el dinero es desesperante”,1,0,0,,,0,6877,0,100
25343,15186,695751998.704709,Yelmo Cines y las entradas online que nunca lleguen: “Recuperar el dinero es desesperante”,1,0,0,,,0,6877,3,0
25344,15181,695752027.133414,,1,0,0,,,0,6877,8,60
25345,15187,695752063.362737,Cine Yelmo,1,0,0,,,0,6877,0,100
25346,15187,695752097.515922,,1,1,0,,,0,6877,2,0
25347,15187,695752215.147394,Cine Yelmo,1,1,0,,,0,6877,4,25
25348,15188,695752882.50042,,1,0,0,,25349.0,0,6877,0,100
25349,15189,695752882.504705,Home - Programa Mia,1,0,0,25348.0,,0,6877,0,100
25350,15190,695752884.954636,Home - Programa Mia,1,0,0,,,0,6877,1,0
25351,15053,695810990.935494,olga camargo - Buscar con Google,1,0,0,,,0,6877,0,100
25352,15053,695810991.801441,olga camargo - Buscar con Google,1,0,0,,,0,6877,3,0
25353,15055,695810993.187444,olga camargo - Buscar con Google,1,0,0,,,0,6877,1,0
25354,15053,695811025.191822,olga camargo - Buscar con Google,1,0,0,,,0,6877,2,0
25355,15191,695853504.486097,,1,0,0,,,0,6878,0,100
25356,15192,695853505.599979,ANTICS ALUMNES ESCOLÀPIES SABADELL,1,0,0,,,0,6878,0,100
25357,15192,695853505.999734,ANTICS ALUMNES ESCOLÀPIES SABADELL,1,0,0,,,0,6878,3,0
25358,15193,695853506.051129,ANTICS ALUMNES ESCOLÀPIES SABADELL,1,0,0,,,0,6878,1,0
25359,15194,695853523.05566,ANTICS ALUMNES ESCOLÀPIES SABADELL,1,0,0,,,0,6879,1,0
25360,15195,695853523.454012,ANTICS ALUMNES ESCOLÀPIES SABADELL,1,1,0,,,0,6879,0,100
25361,15195,695853523.684473,ANTICS ALUMNES ESCOLÀPIES SABADELL,1,1,0,,,0,6879,3,0
25362,15196,695853523.734214,ANTICS ALUMNES ESCOLÀPIES SABADELL,1,1,0,,,0,6879,1,0
25363,15195,695853584.558707,ANTICS ALUMNES ESCOLÀPIES SABADELL,1,1,0,,,0,6879,4,25
25364,15195,695853584.677607,ANTICS ALUMNES ESCOLÀPIES SABADELL,1,1,0,,,0,6879,3,0
25365,15195,695853584.705074,ANTICS ALUMNES ESCOLÀPIES SABADELL,1,1,0,,,0,6879,3,0
25366,15197,695912084.172397,la isla de las tentaciones 6 - Buscar con Google,1,0,0,,,0,6880,0,100
25367,15197,695912085.012914,la isla de las tentaciones 6 - Buscar con Google,1,0,0,,,0,6880,3,0
25368,15198,695912088.142234,"Ver 'Rumbo a La Isla de las Tentaciones 6', (18/01/23), online y completo",1,0,0,,,0,6880,0,100
25369,15198,695912088.648823,"Ver 'Rumbo a La Isla de las Tentaciones 6', (18/01/23), online y completo",1,0,0,,,0,6880,3,0
25370,15199,695912167.36443,,1,0,0,,25371.0,0,6883,0,100
25371,15200,695912167.368436,Special K | Kellogg's,1,0,0,25370.0,,0,6883,0,100
25372,15201,695978799.671661,La nueva jornada laboral que puede llegar a España sin reducción de sueldo,1,0,0,,,0,6925,0,100
25373,15202,695978877.15222,,1,0,0,,25374.0,0,6928,0,100
25374,15203,695978877.153164,Inicia sesión en tu cuenta PayPal,1,0,0,25373.0,,0,6928,0,100
25375,15204,695978893.840308,,1,1,0,,25376.0,0,6930,0,100
25376,15205,695978893.84234,PayPal,1,0,0,25375.0,,0,6930,0,100
25377,15206,695978899.321582,PayPal,1,1,0,,,0,6931,1,0
25378,15207,695978935.178047,PayPal,1,1,0,,,0,6931,1,0
25379,15208,696016551.305652,javo dog sbadell - Buscar con Google,1,0,0,,,0,6936,0,100
25380,15208,696016551.929153,javo dog sbadell - Buscar con Google,1,0,0,,,0,6936,3,0
25381,15209,696020039.423981,triaction by triumph - Buscar con Google,1,0,0,,,0,6937,0,100
25382,15209,696020040.245752,triaction by triumph - Buscar con Google,1,0,0,,,0,6937,3,0
25383,15210,696020056.013067,,1,0,0,,25384.0,0,6937,0,100
25384,15211,696020056.013714,TRIACTION WELLNESS - Sujetador deportivo sin aros,1,0,0,25383.0,,0,6937,0,100
25385,15212,696028093.417179,viladecans outlet - Buscar con Google,1,0,0,,,0,6938,0,100
25386,15212,696028094.032239,viladecans outlet - Buscar con Google,1,0,0,,,0,6938,3,0
25387,15213,696028095.120722,viladecans outlet - Buscar con Google,1,0,0,,,0,6938,1,0
25388,15214,696028095.799837,viladecans outlet - Buscar con Google,1,0,0,,,0,6938,1,0
25389,15212,696028116.610194,viladecans outlet - Buscar con Google,1,0,0,,,0,6939,2,0
25390,15215,696028120.5067,"Restaurantes, Shopping & Ocio | The Style Outlets Spain - Viladecans",1,0,0,,,0,6938,0,100
25391,15216,696028151.876234,TRIUMPH | The Style Outlets Spain - Viladecans,1,0,0,,,0,6938,0,100
25392,15217,696028203.283883,Promociones | The Style Outlets Spain - Viladecans,1,0,0,,,0,6938,0,100
25393,15218,696028220.663826,Virtual Shopping | The Style Outlets Spain - Viladecans,1,0,0,,,0,6938,0,100
25394,15219,696028303.783404,Whats' on | The Style Outlets Spain - Viladecans,1,0,0,,,0,6938,0,100
25395,15220,696028312.463175,Extra Descuentos | The Style Outlets Spain - Viladecans,1,0,0,,,0,6938,0,100
25396,15221,696028358.440138,Centro | The Style Outlets Spain - Viladecans,1,0,0,,,0,6939,0,100
25397,15222,696028377.928616,"Restaurantes, Shopping & Ocio | The Style Outlets Spain - Viladecans",1,0,0,,,0,6939,0,100
25398,15212,696028414.301885,viladecans outlet - Buscar con Google,1,0,0,,,0,6939,4,25
25399,15223,696028441.198951,The Style Outlets Spain - Viladecans,1,0,0,,,0,6939,0,100
25400,15224,696028448.717215,CONVERSE | The Style Outlets Spain - Viladecans,1,0,0,,,0,6939,0,100
25401,15225,696028451.902103,Converse Official Site. Converse.com,1,0,0,,,0,6939,0,100
25402,15225,696028463.361955,Converse Official Site. Converse.com,1,0,0,,,0,6939,3,0
25403,15225,696028463.374002,Converse Official Site. Converse.com,1,0,0,,,0,6939,3,0
25404,15226,696028496.621359,Todas las Chuck 70. Converse.com,1,0,0,,,0,6939,0,100
25405,15226,696028497.709312,Todas las Chuck 70. Converse.com,1,0,0,,,0,6939,3,0
25406,15226,696028497.712911,Converse Official Site. Converse.com,1,0,0,,,0,6939,3,0
25407,15227,696102101.849439,Redirection Page,1,0,0,,,0,6941,0,100
25408,15227,696107861.080832,Redirection Page,1,0,0,,,0,6941,0,100
25409,15228,696107863.274023, ,1,0,0,,25410.0,0,6941,0,100
25410,15229,696107863.765241,Lo más nuevo para mujer | Nueva Colección Online | ZARA España,1,0,0,25409.0,,0,6941,0,100
25411,15136,696107874.233869,Cine Yelmo,1,0,0,,,0,6941,0,100
25412,15230,696107901.460991,,1,0,0,,,0,6941,0,100
25413,15231,696107906.517639,Yelmo Cines - Avatar: El sentido del agua,1,0,0,,,0,6941,0,100
25414,15232,696107922.760716,cartelera yelmo sant cugat - Buscar con Google,1,0,0,,,0,6941,0,100
25415,15232,696107923.913211,cartelera yelmo sant cugat - Buscar con Google,1,0,0,,,0,6941,3,0
25416,15233,696107929.551048,,1,0,0,,,0,6941,0,100
25417,15234,696107933.58957,,1,0,0,,,0,6941,1,0
25418,15234,696107964.418316,,1,0,0,,,0,6941,3,0
25419,15235,696107973.832563,Yelmo Cines - Avatar: El sentido del agua,1,0,0,,,0,6941,0,100
25420,15236,696108000.359375,Cine Yelmo,1,0,0,,,0,6941,0,100
25421,15237,696108002.276405,Cine Yelmo,1,0,0,,,0,6941,1,0
25422,15238,696108093.279319,Cine Yelmo,1,0,0,,,0,6941,1,0
25423,15239,696108118.860404,Cine Yelmo,1,0,0,,,0,6941,1,0
25424,15240,696108146.902495,Cine Yelmo,1,0,0,,,0,6941,1,0
25425,15241,696112167.664246,,1,0,0,,25426.0,0,6941,0,100
25426,15242,696112167.665894,Viladecans The Style Outlets: Google Local,1,0,0,25425.0,,0,6941,0,100
25427,15242,696112168.232919,Viladecans The Style Outlets: Google Local,1,0,0,,,0,6941,3,0
25428,15243,696112168.796606,Viladecans The Style Outlets: Google Local,1,0,0,,,0,6941,1,0
25429,15197,696112451.643561,la isla de las tentaciones 6 - Buscar con Google,1,0,0,,,0,6941,0,100
25430,15197,696112452.234726,la isla de las tentaciones 6 - Buscar con Google,1,0,0,,,0,6941,3,0
25431,15198,696112489.689451,"Ver 'Rumbo a La Isla de las Tentaciones 6', (18/01/23), online y completo",1,0,0,,,0,6942,0,100
25432,15198,696112489.994733,"Ver 'Rumbo a La Isla de las Tentaciones 6', (18/01/23), online y completo",1,0,0,,,0,6942,3,0
25433,15198,696114161.147647,"Ver 'Rumbo a La Isla de las Tentaciones 6', (18/01/23), online y completo",1,0,0,,,0,6952,9,0
25434,15244,696114168.010446,La Isla de las Tentaciones 6 | Última hora del reality de parejas,1,0,0,,,0,6952,0,100
25435,15241,696161676.618991,,1,0,0,,25436.0,0,6955,0,100
25436,15242,696161676.619143,Viladecans The Style Outlets: Google Local,1,0,0,25435.0,,0,6955,0,100
25437,15242,696161677.363962,Viladecans The Style Outlets: Google Local,1,0,0,,,0,6955,3,0
25438,15243,696161678.172423,Viladecans The Style Outlets: Google Local,1,0,0,,,0,6955,1,0
25439,15245,696206027.47218,la isla de las tentaciones - Buscar con Google,1,0,0,,,0,6956,0,100
25440,15245,696206028.195514,la isla de las tentaciones - Buscar con Google,1,0,0,,,0,6956,3,0
25441,15246,696206040.671469,la isla de las tentaciones - Buscar con Google,1,0,0,,,0,6956,1,0
25442,15245,696206045.47972,la isla de las tentaciones - Buscar con Google,1,0,0,,,0,6956,3,0
25443,15247,696206045.693782,la isla de las tentaciones directo - Buscar con Google,1,0,0,,,0,6956,0,100
25444,15247,696206046.081159,la isla de las tentaciones directo - Buscar con Google,1,0,0,,,0,6956,3,0
25445,15248,696206050.933305,Directos | La isla de las tentaciones - Telecinco,1,0,0,,,0,6956,0,100
25446,15249,696206055.114894,"La isla de las tentaciones, en directo: última hora del estreno hoy en Telecinco",1,0,0,,,0,6956,0,100
25447,15250,696206061.168984,"La isla de las tentaciones, en directo: última hora del estreno hoy en Telecinco",1,0,0,,25448.0,0,6956,1,0
25448,15251,696206064.830841,Dónde ver ‘La isla de las tentaciones 6’ en directo y online,1,0,0,25447.0,,0,6956,0,100
25449,15252,696206096.018088,"La isla de las tentaciones, en directo: última hora del estreno hoy en Telecinco",1,0,0,,,0,6956,0,100
25450,15250,696238529.734066,"La isla de las tentaciones, en directo: última hora del estreno hoy en Telecinco",1,0,0,,25451.0,0,6985,0,100
25451,15244,696238531.801035,La Isla de las Tentaciones 6 | Última hora del reality de parejas,1,0,0,25450.0,,0,6985,0,100
25452,15253,696238557.085285,La Isla de las Tentaciones 6 | Última hora del reality de parejas,1,0,0,,,0,6985,0,100
25453,15254,696238577.780457,"Los mejores momentos de 'La isla de las tentaciones' (23/01/23), en vídeo",1,0,0,,,0,6987,0,100
25454,15197,696238616.943689,la isla de las tentaciones 6 - Buscar con Google,1,0,0,,,0,6987,0,100
25455,15197,696238617.815996,la isla de las tentaciones 6 - Buscar con Google,1,0,0,,,0,6987,3,0
25456,15255,696238619.527107,"Ver 'La isla de las tentaciones 6: programa 1' (23/01/23), online y completo en Telecinco",1,0,0,,,0,6987,0,100
25457,15255,696238619.950552,"Ver 'La isla de las tentaciones 6: programa 1' (23/01/23), online y completo en Telecinco",1,0,0,,,0,6987,3,0
25458,15053,696239746.493825,olga camargo - Buscar con Google,1,0,0,,,0,6990,0,100
25459,15053,696239747.854211,olga camargo - Buscar con Google,1,0,0,,,0,6990,3,0
25460,15055,696239749.696207,olga camargo - Buscar con Google,1,0,0,,,0,6990,1,0
25461,15256,696256759.506775,"Catalunya afronta una semana de crudo invierno: ¿Nevará en L'Hospitalet, Cornellà, Esplugues y el Baix Llobregat? - El Tot L'Hospitalet - Baix Llobregat",1,0,0,,,0,6993,0,100
25462,15257,696262396.95718,dani al es años - Buscar con Google,1,0,0,,,0,6994,0,100
25463,15257,696262397.74726,dani al es años - Buscar con Google,1,0,0,,,0,6994,3,0
25464,15258,696262431.697164,dani al es años - Buscar con Google,1,0,0,,,0,6994,1,0
25465,15257,696262435.863732,dani al es años - Buscar con Google,1,0,0,,,0,6994,3,0
25466,15259,696262436.243802,dani alves - Buscar con Google,1,0,0,,,0,6994,0,100
25467,15259,696262437.041189,dani alves - Buscar con Google,1,0,0,,,0,6994,3,0
25468,15260,696268539.814078,cap torre tomeo - Buscar con Google,1,0,0,,,0,6996,0,100
25469,15260,696268540.857975,cap torre tomeo - Buscar con Google,1,0,0,,,0,6997,3,0
25470,15261,696340604.246589,debate la isla de las tentaciones 6 - Buscar con Google,1,0,0,,,0,6997,0,100
25471,15261,696340618.049451,debate la isla de las tentaciones 6 - Buscar con Google,1,0,0,,,0,6997,3,0
25472,15262,696340662.252983,"Ver el Debate 1 de 'La isla de las tentaciones' (24/01/23), online y completo en Telecinco",1,0,0,,,0,6998,0,100
25473,15262,696340662.595341,"Ver el Debate 1 de 'La isla de las tentaciones' (24/01/23), online y completo en Telecinco",1,0,0,,,0,6998,3,0
25474,15262,696361302.295062,"Ver el Debate 1 de 'La isla de las tentaciones' (24/01/23), online y completo en Telecinco",1,0,0,,,0,7007,1,0
25475,15262,696361312.965685,"Ver el Debate 1 de 'La isla de las tentaciones' (24/01/23), online y completo en Telecinco",1,0,0,,,0,7007,2,0
25476,15053,696415427.350618,olga camargo - Buscar con Google,1,0,0,,,0,7007,0,100
25477,15053,696415428.302771,olga camargo - Buscar con Google,1,0,0,,,0,7007,3,0
25478,15055,696415430.272804,olga camargo - Buscar con Google,1,0,0,,,0,7007,1,0
25479,15263,696461703.983016,inpost punto pack - Buscar con Google,1,0,0,,,0,7008,0,100
25480,15263,696461704.660659,inpost punto pack - Buscar con Google,1,0,0,,,0,7008,3,0
25481,15264,696461708.533193,,1,0,0,,25482.0,0,7008,0,100
25482,15265,696461708.533639,Enviar un paquete | Mondial Relay es ahora InPost,1,0,0,25481.0,,0,7008,0,100
25483,15169,696461718.489319,Buscar Punto Pack o Locker | Mondial Relay ahora es InPost,1,0,0,,,0,7008,0,100
25484,15266,696499141.635488,,1,0,0,,25485.0,0,7009,0,100
25485,15267,696499141.636541,Novedades en Ropa de Mujer| Moda Mujer | SHEIN España,1,0,0,25484.0,,0,7009,0,100
25486,15267,696499142.327489,Novedades en Ropa de Mujer| Moda Mujer | SHEIN España,1,0,0,,,0,7009,3,0
25487,15268,696543039.044021,,1,0,0,,25488.0,0,7010,0,100
25488,15269,696543039.044726,Kyoka Restaurant,1,0,0,25487.0,,0,7010,0,100
25489,15270,696543053.157762,,1,0,0,,25490.0,0,7010,0,100
25490,15271,696543053.159509,Kyoka Parc Valles – Kyoka Restaurant,1,0,0,25489.0,,0,7010,0,100
25491,15272,696543062.207073,,1,0,0,,,0,7010,0,100
25492,15272,696561883.798915,,1,0,0,,,0,7011,0,100
25493,15273,696613289.287927,estacion de sants - Buscar con Google,1,0,0,,,0,7011,0,100
25494,15273,696613290.314088,estacion de sants - Buscar con Google,1,0,0,,,0,7011,3,0
25495,15274,696613291.908453,estacion de sants - Buscar con Google,1,0,0,,,0,7011,1,0
25496,15273,696613294.997551,estacion de sants - Buscar con Google,1,0,0,,,0,7011,2,0
25497,15275,696617695.250788,No se puede abrir la página,0,0,0,,,0,7012,0,100
25498,15275,696617736.671458,No se puede abrir la página,0,0,0,,,0,7012,3,0
25499,15275,696617767.025487,lagrimas club madrid - Buscar con Google,1,0,0,,,0,7013,3,0
25500,15275,696617779.003016,lagrimas club madrid - Buscar con Google,1,0,0,,,0,7013,3,0
25501,15275,696617937.850827,lagrimas club madrid - Buscar con Google,1,0,0,,,0,7013,4,25
25502,15275,696617939.745408,lagrimas club madrid - Buscar con Google,1,0,0,,,0,7013,2,0
25503,15276,696617990.448819,lagrimas club madrid - Buscar con Google,1,0,0,,,0,7013,1,0
25504,15277,696617996.482744,lagrimas club madrid - Buscar con Google,1,0,0,,,0,7013,1,0
25505,15278,696618004.507186,lagrimas club madrid - Buscar con Google,1,0,0,,,0,7013,1,0
25506,15278,696618004.528485,lagrimas club madrid - Buscar con Google,1,0,0,,,0,7013,3,0
25507,15278,696618009.75209,lagrimas club madrid - Buscar con Google,1,0,0,,,0,7013,3,0
25508,15277,696618062.270169,lagrimas club madrid - Buscar con Google,1,0,0,,,0,7013,5,0
25509,15279,696618068.950591,lagrimas club madrid - Buscar con Google,1,0,0,,,0,7013,1,0
25510,15279,696618068.963393,lagrimas club madrid - Buscar con Google,1,0,0,,,0,7013,3,0
25511,15277,696618082.416683,lagrimas club madrid - Buscar con Google,1,0,0,,,0,7013,3,0
25512,15280,696621597.69299,No se puede abrir la página,0,0,0,,,0,7015,0,100
25513,15277,696621598.486338,lagrimas club madrid - Buscar con Google,1,0,0,,,0,7015,8,60
25514,15281,696654592.863229,NOVICIADOS 7 - Buscar con Google,1,0,0,,,0,7015,0,100
25515,15281,696654593.668434,NOVICIADOS 7 - Buscar con Google,1,0,0,,,0,7015,2,0
25516,15282,696685487.067303,atocha madrid - Buscar con Google,1,0,0,,,0,7020,0,100
25517,15282,696685488.113739,atocha madrid - Buscar con Google,1,0,0,,,0,7020,3,0
25518,15283,696690085.496528,,1,0,0,,25519.0,0,7021,0,100
25519,15284,696690085.49703,WeTransfer - Send Large Files & Share Photos Online - Up to 2GB Free,1,0,0,25518.0,,0,7021,0,100
25520,15284,696690086.366696,WeTransfer - Send Large Files & Share Photos Online - Up to 2GB Free,1,0,0,,,0,7021,3,0
25521,15285,696690130.988185,WeTransfer App,1,0,0,,,0,7022,0,100
25522,15286,696691803.982291,WeTransfer - Send Large Files & Share Photos Online - Up to 2GB Free,1,0,0,,,0,7023,0,100
25523,15286,696691804.560892,WeTransfer - Send Large Files & Share Photos Online - Up to 2GB Free,1,0,0,,,0,7023,3,0
25524,15287,696692098.08111,WeTransfer - Send Large Files & Share Photos Online - Up to 2GB Free,1,0,0,,,0,7024,0,100
25525,15287,696692098.584056,WeTransfer - Send Large Files & Share Photos Online - Up to 2GB Free,1,0,0,,,0,7024,3,0
25526,15287,696692174.120062,WeTransfer - Send Large Files & Share Photos Online - Up to 2GB Free,1,0,0,,,0,7025,5,0
25527,15288,696692874.737438,retrasos ouigo - Buscar con Google,1,0,0,,,0,7032,0,100
25528,15288,696692875.544631,retrasos ouigo - Buscar con Google,1,0,0,,,0,7032,3,0
25529,15289,696692908.022797,FAQ - Preguntas frecuentes,1,0,0,,,0,7033,0,100
25530,15290,696693572.548898,Retrasos,1,0,0,,,0,7033,1,0
25531,15291,696693579.946337,Retraso del tren: devolución e indemnización | OUIGO,1,0,0,,,0,7033,1,0
25532,15292,696693624.358264,OUIGO España,1,0,0,,,0,7033,0,100
25533,15287,696710360.852196,WeTransfer - Send Large Files & Share Photos Online - Up to 2GB Free,1,0,0,,,0,7034,0,100
25534,15287,696710361.444526,WeTransfer - Send Large Files & Share Photos Online - Up to 2GB Free,1,0,0,,,0,7034,3,0
25535,15286,696710484.48806,WeTransfer - Send Large Files & Share Photos Online - Up to 2GB Free,1,0,0,,,0,7036,0,100
25536,15286,696710484.998833,WeTransfer - Send Large Files & Share Photos Online - Up to 2GB Free,1,0,0,,,0,7036,3,0
25537,15287,696715791.217711,WeTransfer - Send Large Files & Share Photos Online - Up to 2GB Free,1,0,0,,,0,7037,1,0
25538,15286,696715791.248712,WeTransfer - Send Large Files & Share Photos Online - Up to 2GB Free,1,0,0,,,0,7037,1,0
25539,15287,696715791.767091,WeTransfer - Send Large Files & Share Photos Online - Up to 2GB Free,1,0,0,,,0,7037,2,0
25540,15286,696715793.023483,WeTransfer - Send Large Files & Share Photos Online - Up to 2GB Free,1,0,0,,,0,7037,3,0
25541,15293,696715802.609663,Iniciar sesión | WeTransfer Pro,1,0,0,,,0,7037,1,0
25542,15294,696715803.208452,,1,0,0,,25543.0,0,7037,0,100
25543,15295,696715803.208908,WeTransfer account | WeTransfer,1,0,0,25542.0,,0,7037,0,100
25544,15296,696715807.942154,Inicia sesión: Cuentas de Google,1,0,0,,,0,7037,0,100
25545,15296,696715808.206372,Inicia sesión: Cuentas de Google,1,0,0,,,0,7037,3,0
25546,15297,696715808.409529,Inicia sesión: Cuentas de Google,1,0,0,,,0,7037,1,0
25547,15298,696715808.418028,Inicia sesión: Cuentas de Google,1,0,0,,,0,7037,1,0
25548,15299,696715811.665342,,1,0,0,,25549.0,0,7037,0,100
25549,15300,696715811.666004,Accounts,1,0,0,25548.0,,0,7037,0,100
25550,15300,696715811.9803,Accounts,1,0,0,,,0,7037,3,0
25551,15301,696715814.259731,,1,1,0,,25552.0,0,7037,0,100
25552,15302,696715814.26041,WeTransfer account,1,0,0,25551.0,,0,7037,0,100
25553,15298,696715832.285485,,1,0,0,,25554.0,0,7037,2,0
25554,15303,696715832.28591,Auth Static,1,0,0,25553.0,,0,7037,0,100
25555,15298,696715832.423811,Auth Static,1,0,0,,,0,7037,2,0
25556,15295,696715835.122523,,1,0,0,,25557.0,0,7037,2,0
25557,15304,696715835.122942,Iniciar sesión | WeTransfer Pro,1,0,0,25556.0,,0,7037,0,100
25558,15304,696715835.535378,Iniciar sesión | WeTransfer Pro,1,0,0,,,0,7037,3,0
25559,15305,696715836.553326,,1,0,0,,25560.0,0,7037,0,100
25560,15306,696715836.554155,WeTransfer account | WeTransfer,1,0,0,25559.0,,0,7037,0,100
25561,15286,696715839.49243,WeTransfer - Send Large Files & Share Photos Online - Up to 2GB Free,1,0,0,,,0,7037,2,0
25562,15286,696715881.880504,WeTransfer - Send Large Files & Share Photos Online - Up to 2GB Free,1,0,0,,,0,7037,2,0
25563,15286,696718864.000807,WeTransfer - Send Large Files & Share Photos Online - Up to 2GB Free,1,0,0,,,0,7037,8,60
25564,15286,696718864.718874,WeTransfer - Send Large Files & Share Photos Online - Up to 2GB Free,1,0,0,,,0,7038,3,0
25565,15286,696718865.342858,WeTransfer - Send Large Files & Share Photos Online - Up to 2GB Free,1,0,0,,,0,7038,3,0
25566,15307,696844085.50153,"BREAKING LIMITS Straps Gym - Juego de Correas Levantamiento de Pesas y Muñequeras - Muñequeras Gym para Entrenamiento de Fuerza, Musculacion, Halterofilia - Agarres Gimnasio– Negro : Amazon.es: Deportes y aire libre",1,0,0,,,0,7039,0,100
25567,15307,696844086.694025,"BREAKING LIMITS Straps Gym - Juego de Correas Levantamiento de Pesas y Muñequeras - Muñequeras Gym para Entrenamiento de Fuerza, Musculacion, Halterofilia - Agarres Gimnasio– Negro : Amazon.es: Deportes y aire libre",1,0,0,,,0,7039,3,0
25568,15308,696844114.825734,Cesta de compra Amazon.es,1,1,0,,,0,7040,0,100
25569,15308,696844115.442841,Cesta de compra Amazon.es,1,1,0,,,0,7040,3,0
25570,15309,696844123.816052,,1,0,0,,25571.0,0,7040,0,100
25571,15310,696844123.817074,Iniciar sesión en Amazon,1,0,0,25570.0,,0,7040,0,100
25572,15311,696844867.447158,Iniciar sesión en Amazon,1,1,0,,,0,7043,0,100
25573,15311,696844882.158485,,1,1,0,,25574.0,0,7043,2,0
25574,15312,696844882.159972,Añadir un correo electrónico de Amazon,1,0,0,25573.0,,0,7043,0,100
25575,15313,696844912.977185,Añadir un correo electrónico de Amazon,1,1,0,,,0,7046,0,100
25576,15313,696844978.550394,Añadir un correo electrónico de Amazon,1,1,0,,,0,7046,4,25
25577,15313,696844997.709001,,1,1,0,,25578.0,0,7046,2,0
25578,15314,696844997.709156,Confirme su identidad,1,0,0,25577.0,,0,7046,0,100
25579,15315,696845013.235644,,1,1,0,,25580.0,0,7048,0,100
25580,15316,696845013.236926,,1,0,0,25579.0,,0,7048,0,100
25581,15317,696845015.175028,Selecciona un método de pago - Compra Amazon.es,1,1,0,,,0,7048,1,0
25582,15318,696845031.206591,Aviso de Cookies - Servicio de atención al cliente de Amazon,1,0,0,,,0,7048,0,100
25583,15317,696845040.595447,Selecciona un método de pago - Compra Amazon.es,1,0,0,,,0,7048,2,0
25584,15313,696845057.490093,,1,1,0,,25585.0,0,7048,2,0
25585,15319,696845057.4903,,1,0,0,25584.0,,0,7048,0,100
25586,15317,696845059.433487,Selecciona un método de pago - Compra Amazon.es,1,1,0,,,0,7048,3,0
25587,15320,696845070.105171,,1,0,0,,25588.0,0,7048,0,100
25588,15321,696845070.105736,Página de marketing del débito directo SEPA,1,0,0,25587.0,,0,7048,0,100
25589,14753,696857195.321711,olga camargo opiniones - Buscar con Google,1,0,0,,,0,7052,0,100
25590,14753,696857196.402947,olga camargo opiniones - Buscar con Google,1,0,0,,,0,7052,3,0
25591,14754,696857199.890483,olga camargo opiniones - Buscar con Google,1,0,0,,,0,7052,1,0
25592,14755,696857201.078443,olga camargo opiniones - Buscar con Google,1,0,0,,,0,7052,1,0
25593,14755,696857216.724738,olga camargo opiniones - Buscar con Google,1,0,0,,,0,7052,3,0
25594,14755,696857264.446176,olga camargo opiniones - Buscar con Google,1,0,0,,,0,7052,3,0
25595,14755,696857306.967313,olga camargo opiniones - Buscar con Google,1,0,0,,,0,7052,3,0
25596,14755,696857399.051454,olga camargo opiniones - Buscar con Google,1,0,0,,,0,7053,5,0
25597,14755,696859639.103557,olga camargo opiniones - Buscar con Google,1,0,0,,,0,7054,9,0
25598,14755,696860370.091183,olga camargo opiniones - Buscar con Google,1,0,0,,,0,7058,9,0
25599,14753,696860371.448294,olga camargo opiniones - Buscar con Google,1,0,0,,,0,7058,8,60
25600,15197,696863784.09547,la isla de las tentaciones 6 - Buscar con Google,1,0,0,,,0,7060,0,100
25601,15197,696863784.746267,la isla de las tentaciones 6 - Buscar con Google,1,0,0,,,0,7060,3,0
25602,15322,696863790.828209,"Ver 'La isla de las tentaciones 6: programa 2', online y completo en Telecinco",1,0,0,,,0,7060,0,100
25603,15322,696863791.448607,"Ver 'La isla de las tentaciones 6: programa 2', online y completo en Telecinco",1,0,0,,,0,7060,3,0
25604,15323,696866384.527204,,1,0,0,,25605.0,0,7089,0,100
25605,15200,696866384.537216,Special K | Kellogg's,1,0,0,25604.0,,0,7089,0,100
25606,15322,696885548.038338,"Ver 'La isla de las tentaciones 6: programa 2', online y completo en Telecinco",1,0,0,,,0,7093,1,0
25607,15322,696885550.122278,"Ver 'La isla de las tentaciones 6: programa 2', online y completo en Telecinco",1,0,0,,,0,7093,3,0
25608,15322,696885695.022623,"Ver 'La isla de las tentaciones 6: programa 2', online y completo en Telecinco",1,0,0,,,0,7093,4,25
25609,15322,696941570.123665,"Ver 'La isla de las tentaciones 6: programa 2', online y completo en Telecinco",1,0,0,,,0,7094,0,100
25610,15322,696941589.907491,"Ver 'La isla de las tentaciones 6: programa 2', online y completo en Telecinco",1,0,0,,,0,7094,3,0
25611,14753,696967215.463923,olga camargo opiniones - Buscar con Google,1,0,0,,,0,7123,0,100
25612,14753,696967216.489767,olga camargo opiniones - Buscar con Google,1,0,0,,,0,7123,3,0
25613,14754,696967226.543932,olga camargo opiniones - Buscar con Google,1,0,0,,,0,7123,1,0
25614,14755,696967227.635376,olga camargo opiniones - Buscar con Google,1,0,0,,,0,7123,1,0
25615,14755,696967244.879438,olga camargo opiniones - Buscar con Google,1,0,0,,,0,7123,3,0
25616,14755,696967263.493521,olga camargo opiniones - Buscar con Google,1,0,0,,,0,7123,3,0
25617,14755,696967270.043582,olga camargo opiniones - Buscar con Google,1,0,0,,,0,7123,3,0
25618,14755,696967281.607646,olga camargo opiniones - Buscar con Google,1,0,0,,,0,7123,3,0
25619,14755,696971004.685258,olga camargo opiniones - Buscar con Google,1,0,0,,,0,7124,0,100
25620,14755,697022072.747437,olga camargo opiniones - Buscar con Google,1,0,0,,,0,7136,0,100
25621,14755,697033633.908781,olga camargo opiniones - Buscar con Google,1,0,0,,,0,7136,0,100
25622,15324,697033650.75106,monica robles - Buscar con Google,1,0,0,,,0,7136,0,100
25623,15324,697033652.049131,monica robles - Buscar con Google,1,0,0,,,0,7136,3,0
25624,15325,697033657.867665,monica robles - Buscar con Google,1,0,0,,,0,7136,1,0
25625,15326,697033678.505227,monica robles - Búsqueda de Google,1,0,0,,,0,7136,0,100
25626,15326,697033679.933717,monica robles - Búsqueda de Google,1,0,0,,,0,7136,3,0
25627,15326,697033686.186013,monica robles - Búsqueda de Google,1,0,0,,,0,7136,3,0
25628,15327,697033686.219468,monica robles - Búsqueda de Google,1,0,0,,,0,7136,1,0
25629,15326,697033690.692799,monica robles - Búsqueda de Google,1,0,0,,,0,7136,2,0
25630,15328,697065578.73058,cuantos dias tiene 2023 - Buscar con Google,1,0,0,,,0,7136,0,100
25631,15328,697065579.209365,cuantos dias tiene 2023 - Buscar con Google,1,0,0,,,0,7136,3,0
25632,15329,697065589.256021,cuantos dias tiene 2023 - Buscar con Google,1,0,0,,,0,7136,1,0
25633,15328,697065595.108212,cuantos dias tiene 2023 - Buscar con Google,1,0,0,,,0,7136,3,0
25634,15330,697065595.277023,cuantos dias - Buscar con Google,1,0,0,,,0,7136,0,100
25635,15330,697065595.822972,cuantos dias - Buscar con Google,1,0,0,,,0,7137,3,0
25636,15330,697076769.18208,cuantos dias - Buscar con Google,1,0,0,,,0,7138,1,0
25637,15330,697098940.192821,Fallo en la página web,0,0,0,,,0,7138,0,100
25638,15331,697098946.616972,,1,0,0,,25639.0,0,7138,0,100
25639,15332,697098946.61731,"Aceite de ricino - Wikipedia, la enciclopedia libre",1,0,0,25638.0,,0,7138,0,100
25640,15330,697099055.046256,cuantos dias - Buscar con Google,1,0,0,,,0,7138,4,25
25641,15330,697099055.2679,cuantos dias - Buscar con Google,1,0,0,,,0,7138,2,0
25642,15333,697099067.724326,aceite de romero - Buscar con Google,1,0,0,,,0,7138,0,100
25643,15333,697099068.565159,aceite de romero - Buscar con Google,1,0,0,,,0,7138,3,0
25644,15334,697099075.129994,,1,0,0,,25645.0,0,7138,0,100
25645,15335,697099075.13052,Aceite Esencial de Romero 100% Puro | ARGANOUR,1,0,0,25644.0,,0,7138,0,100
25646,15336,697099114.081013,aceite de romero - Buscar con Google,1,0,0,,,0,7138,0,100
25647,15333,697099122.471588,aceite de romero - Buscar con Google,1,0,0,,,0,7138,3,0
25648,15337,697099122.755714,aceite natural para el pelo - Buscar con Google,1,0,0,,,0,7138,0,100
25649,15337,697099123.473163,aceite natural para el pelo - Buscar con Google,1,0,0,,,0,7138,3,0
25650,15338,697099127.3623,,1,0,0,,25651.0,0,7138,0,100
25651,15339,697099127.362727,"Herbal Essences Mezcla de Aceites para El Pelo Herbal Essences Bio:Renew con Aceite de Semilla de Hemp y Aloe, 1 x 90 g : Amazon.es: Belleza",1,0,0,25650.0,,0,7138,0,100
25652,15339,697099128.394708,"Herbal Essences Mezcla de Aceites para El Pelo Herbal Essences Bio:Renew con Aceite de Semilla de Hemp y Aloe, 1 x 90 g : Amazon.es: Belleza",1,0,0,,,0,7138,3,0
25653,15340,697099134.052565,OLISTIC | Tratamiento anticaída del cabello – Olistic,1,0,0,,,0,7138,0,100
25654,15341,697099160.163531,6 aceites naturales para el cabello - Mejor con Salud,1,0,0,,,0,7138,0,100
25655,15341,697099160.741718,6 aceites naturales para el cabello - Mejor con Salud,1,0,0,,,0,7138,3,0
25656,15341,697099163.376687,6 aceites naturales para el cabello - Mejor con Salud,1,0,0,,,0,7138,3,0
25657,15341,697099173.380486,6 aceites naturales para el cabello - Mejor con Salud,1,0,0,,,0,7138,3,0
25658,15341,697099173.397586,6 aceites naturales para el cabello - Mejor con Salud,1,0,0,,,0,7138,3,0
25659,15341,697099855.773707,6 aceites naturales para el cabello - Mejor con Salud,1,0,0,,,0,7138,9,0
25660,15342,697099858.207958,  – Product Info Cantabria Labs ©,1,0,0,,,0,7138,0,100
25661,15341,697099859.175142,6 aceites naturales para el cabello - Mejor con Salud,1,0,0,,,0,7138,3,0
25662,15341,697099870.380108,6 aceites naturales para el cabello - Mejor con Salud,1,0,0,,,0,7138,2,0
25663,15343,697283349.700139,iraltone aga plus caida capilar cronica severa - Buscar con Google,1,0,0,,,0,7139,0,100
25664,15343,697283350.708902,iraltone aga plus caida capilar cronica severa - Buscar con Google,1,0,0,,,0,7139,3,0
25665,15344,697283354.946579,,1,0,0,,25666.0,0,7139,0,100
25666,15345,697283354.947037,Comprar IRALTONE AGA Plus Anticaída 60 Cápsulas OFERTA,1,0,0,25665.0,,0,7139,0,100
25667,15346,697295451.48121,,1,0,0,,25668.0,0,7140,0,100
25668,15347,697295451.482653,"Decathlon | Tienda de deportes, Ropa y Material deportivo",1,0,0,25667.0,,0,7140,0,100
25669,15348,697295461.328251,decathlon platja d'aro - Buscar con Google,1,0,0,,,0,7140,0,100
25670,15348,697295462.221349,decathlon platja d'aro - Buscar con Google,1,0,0,,,0,7140,3,0
25671,15349,697306181.213801,rutas senderismo playa de aro - Buscar con Google,1,0,0,,,0,7143,0,100
25672,15349,697306181.899676,rutas senderismo playa de aro - Buscar con Google,1,0,0,,,0,7143,3,0
25673,15350,697367139.231131,farmacia pueblo nuevo - Buscar con Google,1,0,0,,,0,7145,0,100
25674,15350,697367139.874347,farmacia pueblo nuevo - Buscar con Google,1,0,0,,,0,7145,3,0
25675,15351,697367144.718195,farmacia pueblo nuevo - Buscar con Google,1,0,0,,,0,7145,1,0
25676,15350,697367147.617095,farmacia pueblo nuevo - Buscar con Google,1,0,0,,,0,7145,3,0
25677,15352,697367147.800465,farmacia pueblo nuevo sabadell - Buscar con Google,1,0,0,,,0,7145,0,100
25678,15352,697367148.390203,farmacia pueblo nuevo sabadell - Buscar con Google,1,0,0,,,0,7145,3,0
25679,14830,697367260.141435,Instituto del Pelo Vila-Rovira Barcelona. Técnica FUE y FUSS,1,0,0,,,0,7148,0,100
25680,15353,697391057.588605,javosdog - Buscar con Google,1,0,0,,,0,7148,0,100
25681,15353,697391058.700093,javosdog - Buscar con Google,1,0,0,,25682.0,0,7148,3,0
25682,15354,697391062.3299,,1,0,0,25681.0,25683.0,0,7148,0,100
25683,15355,697391062.330373,"Tu ubicación a Javosdog, Ctra. de Barcelona, 81, 08201 Sabadell, Barcelona: Google Maps",1,0,0,25682.0,,0,7148,0,100
25684,14830,697391077.138129,Instituto del Pelo Vila-Rovira Barcelona. Técnica FUE y FUSS,1,0,0,,,0,7148,0,100
25685,15356,697391084.566944,javosdog sabadell - Buscar con Google,1,0,0,,,0,7148,0,100
25686,15356,697391086.521146,javosdog sabadell - Buscar con Google,1,0,0,,25687.0,0,7148,3,0
25687,15354,697391090.789839,,1,0,0,25686.0,25688.0,0,7148,0,100
25688,15355,697391090.790053,"Tu ubicación a Javosdog, Ctra. de Barcelona, 81, 08201 Sabadell, Barcelona: Google Maps",1,0,0,25687.0,,0,7148,0,100
25689,15197,697447806.113942,la isla de las tentaciones 6 - Buscar con Google,1,0,0,,,0,7148,0,100
25690,15197,697447806.881936,la isla de las tentaciones 6 - Buscar con Google,1,0,0,,,0,7149,3,0
25691,15357,697447812.944068,"Ver 'La isla de las tentaciones 6: programa 3' (06/02/23), online y completo en Telecinco",1,0,0,,,0,7149,0,100
25692,15357,697447813.211252,"Ver 'La isla de las tentaciones 6: programa 3' (06/02/23), online y completo en Telecinco",1,0,0,,,0,7150,3,0
25693,15200,697454118.114385,Special K | Kellogg's,1,0,0,,,0,7152,0,100
25694,15358,697454128.228754,Opiniones Olga Camargo - Peluqueria y Estética,1,0,0,,,0,7152,0,100
25695,14753,697454136.876956,olga camargo opiniones - Buscar con Google,1,0,0,,,0,7152,0,100
25696,14753,697454137.797891,olga camargo opiniones - Buscar con Google,1,0,0,,,0,7152,3,0
25697,14754,697454146.744033,olga camargo opiniones - Buscar con Google,1,0,0,,,0,7152,1,0
25698,14755,697454147.875353,olga camargo opiniones - Buscar con Google,1,0,0,,,0,7152,1,0
25699,15357,697470843.635654,"Ver 'La isla de las tentaciones 6: programa 3' (06/02/23), online y completo en Telecinco",1,0,0,,,0,7153,0,100
25700,15359,697470853.261877,"Noticias de última hora, realities y series - Telecinco",1,0,0,,,0,7154,0,100
25701,15360,697496524.336516,Así queda el nuevo Salario Mínimo en función de las horas trabajadas: esto es lo que cobrará si trabaja a media jornada,1,0,0,,,0,7186,0,100
25702,15360,697496533.409363,Así queda el nuevo Salario Mínimo en función de las horas trabajadas: esto es lo que cobrará si trabaja a media jornada,1,0,0,,,0,7186,3,0
25703,15361,697533302.161941,cine yelmo sant cugat - Buscar con Google,1,0,0,,,0,7188,0,100
25704,15361,697533303.10783,cine yelmo sant cugat - Buscar con Google,1,0,0,,,0,7188,3,0
25705,15233,697533310.90216,olga camargo opiniones - Buscar con Google,1,0,0,,,0,7189,0,100
25706,14753,697533367.460456,olga camargo opiniones - Buscar con Google,1,0,0,,,0,7189,0,100
25707,14753,697533368.110234,olga camargo opiniones - Buscar con Google,1,0,0,,,0,7189,3,0
25708,15358,697533371.679155,Opiniones Olga Camargo - Peluqueria y Estética,1,0,0,,,0,7189,0,100
25709,15362,697533442.030563,Perruqueries Barcelona | Opiniones Olga Camargo,1,0,0,,,0,7189,0,100
25710,15363,697533464.260134,"Opiniones Olga Camargo Gràcia, Barcelona | Reseñas de Clientes - Página 4 | Uala",1,0,0,,,0,7189,0,100
25711,15364,697533486.163547,118 Opiniones REALES de Peluquería Olga Camargo Gracia (Peluquería) en Barcelona | GuiaDeMicroempresas.es,1,0,0,,,0,7189,0,100
25712,15365,697533511.557015,"Olga Camargo - Opiniones, Fotos y Teléfono",1,0,0,,,0,7189,0,100
25713,15366,697533520.988208,ESTÉTICA OLGA CAMARGO (Barcelona) - 2023 Qué saber antes de ir - Lo más comentado por la gente - Tripadvisor,1,0,0,,,0,7189,0,100
25714,15366,697533521.442637,ESTÉTICA OLGA CAMARGO (Barcelona) - 2023 Qué saber antes de ir - Lo más comentado por la gente - Tripadvisor,1,0,0,,,0,7189,3,0
25715,15366,697533528.576719,ESTÉTICA OLGA CAMARGO (Barcelona) - 2023 Qué saber antes de ir - Lo más comentado por la gente - Tripadvisor,1,0,0,,,0,7189,3,0
25716,15366,697533530.413811,ESTÉTICA OLGA CAMARGO (Barcelona) - 2023 Qué saber antes de ir - Lo más comentado por la gente - Tripadvisor,1,0,0,,,0,7189,3,0
25717,15366,697533531.183669,ESTÉTICA OLGA CAMARGO (Barcelona) - 2023 Qué saber antes de ir - Lo más comentado por la gente - Tripadvisor,1,0,0,,,0,7189,3,0
25718,15366,697533544.931676,ESTÉTICA OLGA CAMARGO (Barcelona) - 2023 Qué saber antes de ir - Lo más comentado por la gente - Tripadvisor,1,0,0,,,0,7189,3,0
25719,15366,697533553.931377,ESTÉTICA OLGA CAMARGO (Barcelona) - 2023 Qué saber antes de ir - Lo más comentado por la gente - Tripadvisor,1,0,0,,,0,7189,3,0
25720,15366,697533554.966796,ESTÉTICA OLGA CAMARGO (Barcelona) - 2023 Qué saber antes de ir - Lo más comentado por la gente - Tripadvisor,1,0,0,,,0,7189,3,0
25721,15366,697533556.322467,ESTÉTICA OLGA CAMARGO (Barcelona) - 2023 Qué saber antes de ir - Lo más comentado por la gente - Tripadvisor,1,0,0,,,0,7189,3,0
25722,15366,697533557.857069,ESTÉTICA OLGA CAMARGO (Barcelona) - 2023 Qué saber antes de ir - Lo más comentado por la gente - Tripadvisor,1,0,0,,,0,7189,3,0
25723,15366,697533560.218516,ESTÉTICA OLGA CAMARGO (Barcelona) - 2023 Qué saber antes de ir - Lo más comentado por la gente - Tripadvisor,1,0,0,,,0,7189,3,0
25724,15366,697533561.736979,ESTÉTICA OLGA CAMARGO (Barcelona) - 2023 Qué saber antes de ir - Lo más comentado por la gente - Tripadvisor,1,0,0,,,0,7189,3,0
25725,15366,697533562.973626,ESTÉTICA OLGA CAMARGO (Barcelona) - 2023 Qué saber antes de ir - Lo más comentado por la gente - Tripadvisor,1,0,0,,,0,7189,3,0
25726,15366,697533566.674513,ESTÉTICA OLGA CAMARGO (Barcelona) - 2023 Qué saber antes de ir - Lo más comentado por la gente - Tripadvisor,1,0,0,,,0,7189,3,0
25727,15366,697533568.172858,ESTÉTICA OLGA CAMARGO (Barcelona) - 2023 Qué saber antes de ir - Lo más comentado por la gente - Tripadvisor,1,0,0,,,0,7189,3,0
25728,15366,697533572.428551,ESTÉTICA OLGA CAMARGO (Barcelona) - 2023 Qué saber antes de ir - Lo más comentado por la gente - Tripadvisor,1,0,0,,,0,7189,3,0
25729,15366,697533578.004145,ESTÉTICA OLGA CAMARGO (Barcelona) - 2023 Qué saber antes de ir - Lo más comentado por la gente - Tripadvisor,1,0,0,,,0,7189,3,0
25730,15366,697533580.824867,ESTÉTICA OLGA CAMARGO (Barcelona) - 2023 Qué saber antes de ir - Lo más comentado por la gente - Tripadvisor,1,0,0,,,0,7189,3,0
25731,15366,697533599.673115,ESTÉTICA OLGA CAMARGO (Barcelona) - 2023 Qué saber antes de ir - Lo más comentado por la gente - Tripadvisor,1,0,0,,,0,7189,3,0
25732,15366,697533600.950425,ESTÉTICA OLGA CAMARGO (Barcelona) - 2023 Qué saber antes de ir - Lo más comentado por la gente - Tripadvisor,1,0,0,,,0,7189,3,0
25733,15366,697533603.007781,ESTÉTICA OLGA CAMARGO (Barcelona) - 2023 Qué saber antes de ir - Lo más comentado por la gente - Tripadvisor,1,0,0,,,0,7189,3,0
25734,15367,697533653.763101,"Opiniones Perruqueria Olga Camargo Gracia, Barcelona ▷ 932370579",1,0,0,,,0,7190,0,100
25735,15368,697533690.051397,"Perruqueria Olga Camargo Gracia, Via Augusta, 62, Barcelona, teléfono +34 932 37 05 79",1,0,0,,,0,7190,0,100
25736,15286,697547923.748936,WeTransfer - Send Large Files & Share Photos Online - Up to 2GB Free,1,0,0,,,0,7191,0,100
25737,15286,697547927.371607,WeTransfer - Send Large Files & Share Photos Online - Up to 2GB Free,1,0,0,,,0,7191,3,0
25738,15369,697547937.527783,WeTransfer - Send Large Files & Share Photos Online - Up to 2GB Free,1,0,0,,,0,7191,1,0
25739,15286,697547945.563761,WeTransfer - Send Large Files & Share Photos Online - Up to 2GB Free,1,0,0,,,0,7191,2,0
25740,15286,697547945.603322,WeTransfer - Send Large Files & Share Photos Online - Up to 2GB Free,1,0,0,,,0,7191,3,0
25741,15286,697547950.630717,WeTransfer - Send Large Files & Share Photos Online - Up to 2GB Free,1,0,0,,,0,7192,3,0
25742,15287,697547955.406664,WeTransfer - Send Large Files & Share Photos Online - Up to 2GB Free,1,0,0,,,0,7192,0,100
25743,15287,697547956.066931,WeTransfer - Send Large Files & Share Photos Online - Up to 2GB Free,1,0,0,,,0,7193,3,0
25744,15283,697547966.512526,,1,0,0,,25745.0,0,7193,0,100
25745,15284,697547966.515312,WeTransfer - Send Large Files & Share Photos Online - Up to 2GB Free,1,0,0,25744.0,,0,7193,0,100
25746,15284,697547966.975838,WeTransfer - Send Large Files & Share Photos Online - Up to 2GB Free,1,0,0,,,0,7194,3,0
25747,15284,697578377.136822,WeTransfer - Send Large Files & Share Photos Online - Up to 2GB Free,1,0,0,,,0,7194,1,0
25748,15284,697578378.087211,WeTransfer - Send Large Files & Share Photos Online - Up to 2GB Free,1,0,0,,,0,7194,2,0
25749,15370,697578402.497571,solazur foods sabadell - Buscar con Google,1,0,0,,,0,7194,0,100
25750,15370,697578403.368073,solazur foods sabadell - Buscar con Google,1,0,0,,,0,7194,3,0
25751,15368,697616778.914115,"Perruqueria Olga Camargo Gracia, Via Augusta, 62, Barcelona, teléfono +34 932 37 05 79",1,0,0,,,0,7194,0,100
25752,15368,697625622.516707,"Perruqueria Olga Camargo Gracia, Via Augusta, 62, Barcelona, teléfono +34 932 37 05 79",1,0,0,,,0,7198,0,100
25753,14158,697625650.639059,traductor google - Buscar con Google,1,0,0,,,0,7195,0,100
25754,14158,697625651.104149,traductor google - Buscar con Google,1,0,0,,,0,7195,3,0
25755,15368,697642718.707406,"Perruqueria Olga Camargo Gracia, Via Augusta, 62, Barcelona, teléfono +34 932 37 05 79",1,0,0,,,0,7198,0,100
25756,15371,697642720.740175,,1,0,0,,25757.0,0,7198,0,100
25757,15372,697642720.74053,Traductor de Google,1,0,0,25756.0,,0,7198,0,100
25758,15372,697642721.201053,Traductor de Google,1,0,0,,,0,7198,3,0
25759,15373,697642724.728998,Traductor de Google,1,0,0,,,0,7198,1,0
25760,15374,697642728.506325,Traductor de Google,1,0,0,,,0,7198,1,0
25761,15375,697642728.685958,Traductor de Google,1,0,0,,,0,7198,1,0
25762,15376,697642728.943091,Traductor de Google,1,0,0,,,0,7198,1,0
25763,15377,697642730.361145,Traductor de Google,1,0,0,,,0,7198,1,0
25764,15378,697642730.480629,Traductor de Google,1,0,0,,,0,7198,1,0
25765,15379,697642730.626088,Traductor de Google,1,0,0,,,0,7198,1,0
25766,15380,697642730.717699,Traductor de Google,1,0,0,,,0,7198,1,0
25767,15381,697642730.895533,Traductor de Google,1,0,0,,,0,7198,1,0
25768,15382,697642731.03979,Traductor de Google,1,0,0,,,0,7198,1,0
25769,15383,697642731.285531,Traductor de Google,1,0,0,,,0,7198,1,0
25770,15384,697642731.35329,Traductor de Google,1,0,0,,,0,7198,1,0
25771,15385,697642731.450246,Traductor de Google,1,0,0,,,0,7198,1,0
25772,15386,697642731.584919,Traductor de Google,1,0,0,,,0,7198,1,0
25773,15387,697642731.72329,Traductor de Google,1,0,0,,,0,7198,1,0
25774,15388,697642731.858375,Traductor de Google,1,0,0,,,0,7198,1,0
25775,15389,697642732.005816,Traductor de Google,1,0,0,,,0,7198,1,0
25776,15390,697642732.071188,Traductor de Google,1,0,0,,,0,7198,1,0
25777,15391,697642732.251929,Traductor de Google,1,0,0,,,0,7198,1,0
25778,15392,697642732.40479,Traductor de Google,1,0,0,,,0,7198,1,0
25779,15393,697642732.576541,Traductor de Google,1,0,0,,,0,7198,1,0
25780,15394,697642732.785264,Traductor de Google,1,0,0,,,0,7198,1,0
25781,15395,697642733.034672,Traductor de Google,1,0,0,,,0,7198,1,0
25782,15396,697642734.571678,Traductor de Google,1,0,0,,,0,7198,1,0
25783,15397,697652110.219294,,1,0,0,,25784.0,0,7198,0,100
25784,15398,697652110.220398,danielkikos - Twitch,1,0,0,25783.0,,0,7198,0,100
25785,15398,697652110.884922,danielkikos - Twitch,1,0,0,,,0,7198,3,0
25786,15399,697652111.066489,danielkikos - Twitch,1,0,0,,,0,7198,1,0
25787,14753,697790424.586751,olga camargo opiniones - Buscar con Google,1,0,0,,,0,7198,0,100
25788,14753,697790425.518421,olga camargo opiniones - Buscar con Google,1,0,0,,,0,7198,3,0
25789,14754,697790428.036727,olga camargo opiniones - Buscar con Google,1,0,0,,,0,7198,1,0
25790,14755,697790429.142565,olga camargo opiniones - Buscar con Google,1,0,0,,,0,7198,1,0
25791,14755,697790493.267867,olga camargo opiniones - Buscar con Google,1,0,0,,,0,7199,5,0
25792,14755,697790513.271757,olga camargo opiniones - Buscar con Google,1,0,0,,,0,7199,3,0
25793,15400,697927072.605313,normas en andorra - Buscar con Google,1,0,0,,,0,7201,0,100
25794,15400,697927072.972049,normas en andorra - Buscar con Google,1,0,0,,,0,7201,3,0
25795,15401,697927080.532606,Seguridad y otros aspectos,1,0,0,,,0,7201,0,100
25796,15402,697927204.140059,Recomendaciones de viaje,1,0,0,,,0,7201,0,100
25797,15403,697927212.496684,normas en andorra - Buscar con Google,1,0,0,,,0,7203,0,100
25798,15404,697931421.834696,haet - Buscar con Google,1,0,0,,,0,7203,0,100
25799,15404,697931422.359392,haet - Buscar con Google,1,0,0,,,0,7203,3,0
25800,15405,697931424.888179,heat - Buscar con Google,1,0,0,,,0,7203,0,100
25801,15405,697931425.618594,heat - Buscar con Google,1,0,0,,,0,7203,3,0
25802,15406,697994164.171635,hospital quirónsalud barcelona - Buscar con Google,1,0,0,,,0,7205,0,100
25803,15406,697994164.93412,hospital quirónsalud barcelona - Buscar con Google,1,0,0,,,0,7205,3,0
25804,15407,697994165.889576,hospital quirónsalud barcelona - Buscar con Google,1,0,0,,,0,7205,1,0
25805,15408,697994166.790854,hospital quirónsalud barcelona - Buscar con Google,1,0,0,,,0,7205,1,0
25806,15409,697994176.858612,hospital quirónsalud barcelona - Buscar con Google,1,0,0,,,0,7205,1,0
25807,15409,698001770.63422,hospital quirónsalud barcelona - Buscar con Google,1,0,0,,,0,7206,0,100
25808,15410,698001778.741855,pas polinya - Buscar con Google,1,0,0,,,0,7206,0,100
25809,15410,698001779.311257,pas polinya - Buscar con Google,1,0,0,,,0,7206,3,0
25810,15411,698012458.720527,parking can robert la lol - Buscar con Google,1,0,0,,,0,7206,0,100
25811,15411,698012459.851435,parking can robert la lol - Buscar con Google,1,0,0,,,0,7207,3,0
25812,15412,698012462.341338,parking can robert la lol - Buscar con Google,1,0,0,,,0,7207,1,0
25813,15411,698012463.304096,parking can robert la lol - Buscar con Google,1,0,0,,,0,7207,3,0
25814,15413,698012463.487398,parking can robert la mola - Buscar con Google,1,0,0,,,0,7207,0,100
25815,15413,698012464.263597,parking can robert la mola - Buscar con Google,1,0,0,,,0,7207,3,0
25816,15414,698012465.539057,parking can robert la mola - Buscar con Google,1,0,0,,,0,7207,1,0
25817,15413,698012470.942767,parking can robert la mola - Buscar con Google,1,0,0,,,0,7207,2,0
25818,15197,698017741.996658,la isla de las tentaciones 6 - Buscar con Google,1,0,0,,,0,7208,0,100
25819,15197,698017742.616867,la isla de las tentaciones 6 - Buscar con Google,1,0,0,,,0,7208,3,0
25820,15415,698017746.60925,"La isla de las tentaciones, en directo: las chicas se enfrentan a la hoguera",1,0,0,,,0,7254,0,100
25821,15416,698073025.378021,Chai Indian Cuisine – Autentica Comida Tradicional India,1,0,0,,,0,7260,0,100
25822,15417,698073619.794038,Sabadell – Chai Indian Cuisine,1,0,0,,,0,7264,0,100
25823,15418,698073670.659912,Sabadell – Chai Indian Cuisine,1,0,0,,,0,7264,1,0
25824,15419,698076166.047944,tortas de avena y huevo - Buscar con Google,1,0,0,,,0,7269,0,100
25825,15419,698076166.666877,tortas de avena y huevo - Buscar con Google,1,0,0,,,0,7269,3,0
25826,15420,698076264.032597,Tortitas de avena. Receta fácil para el desayuno - Todos a comer,1,0,0,,,0,7270,0,100
25827,15421,698076307.836802,Tortitas de avena (4 recetas fáciles y muy saludables) - PequeRecetas,1,0,0,,,0,7270,0,100
25828,15421,698076310.67856,Tortitas de avena (4 recetas fáciles y muy saludables) - PequeRecetas,1,0,0,,,0,7270,3,0
25829,15421,698076320.693625,Tortitas de avena (4 recetas fáciles y muy saludables) - PequeRecetas,1,0,0,,,0,7270,3,0
25830,15421,698076320.722822,Tortitas de avena (4 recetas fáciles y muy saludables) - PequeRecetas,1,0,0,,,0,7270,3,0
25831,15422,698076339.743232,Tortitas de avena (4 recetas fáciles y muy saludables) - PequeRecetas,1,0,0,,,0,7270,1,0
25832,15421,698076399.860327,Tortitas de avena (4 recetas fáciles y muy saludables) - PequeRecetas,1,0,0,,,0,7270,4,25
25833,15423,698076426.766077,Tortitas de avena ¡fáciles y saludables! | Cocina Abierta,1,0,0,,,0,7270,0,100
25834,15423,698076430.038917,Tortitas de avena ¡fáciles y saludables! | Cocina Abierta,1,0,0,,,0,7270,3,0
25835,15423,698076440.061429,Tortitas de avena ¡fáciles y saludables! | Cocina Abierta,1,0,0,,,0,7270,3,0
25836,15423,698076440.103148,Tortitas de avena ¡fáciles y saludables! | Cocina Abierta,1,0,0,,,0,7270,3,0
25837,15424,698076482.903782,Porridge o gachas de avena: qué es y cómo se prepara - Hogarmania,1,0,0,,,0,7270,0,100
25838,14830,698078937.202033,Instituto del Pelo Vila-Rovira Barcelona. Técnica FUE y FUSS,1,0,0,,,0,7271,0,100
25839,15425,698078975.766781,sitios pra cenar - Buscar con Google,1,0,0,,,0,7272,0,100
25840,15425,698078977.052385,sitios pra cenar - Buscar con Google,1,0,0,,,0,7272,3,0
25841,15426,698078980.197824,sitios pra cenar - Buscar con Google,1,0,0,,,0,7272,1,0
25842,15425,698078982.753906,sitios pra cenar - Buscar con Google,1,0,0,,,0,7272,3,0
25843,15427,698078982.956908,sitios pra cenar sabadell - Buscar con Google,1,0,0,,,0,7272,0,100
25844,15427,698078983.735181,sitios pra cenar sabadell - Buscar con Google,1,0,0,,,0,7272,3,0
25845,15428,698079004.391779,Restaurantes Sabadell baratos - Buscar con Google,1,0,0,,,0,7272,0,100
25846,15428,698079005.069847,Restaurantes Sabadell baratos - Buscar con Google,1,0,0,,,0,7272,3,0
25847,15429,698079015.753851,Restaurantes Sabadell baratos - Buscar con Google,1,0,0,,,0,7272,1,0
25848,15430,698079034.382551,Restaurantes Sabadell baratos - Buscar con Google,1,0,0,,,0,7272,1,0
25849,15431,698079034.86484,Restaurantes Sabadell baratos - Buscar con Google,1,0,0,,,0,7272,1,0
25850,15429,698079035.727108,Restaurantes Sabadell baratos - Buscar con Google,1,0,0,,,0,7272,2,0
25851,15432,698079074.268837,Restaurantes Sabadell baratos - Buscar con Google,1,0,0,,,0,7272,1,0
25852,15429,698079075.226076,Restaurantes Sabadell baratos - Buscar con Google,1,0,0,,,0,7272,2,0
25853,15433,698080188.652762,carnaval en playa de aro - Buscar con Google,1,0,0,,,0,7273,0,100
25854,15433,698080189.097331,carnaval en playa de aro - Buscar con Google,1,0,0,,,0,7273,3,0
25855,15434,698080191.042084,Carnaval · Platja d'Aro,1,0,0,,,0,7273,0,100
25856,15435,698082184.602695,charco azul chulilla - Buscar con Google,1,0,0,,,0,7274,0,100
25857,15435,698082185.55421,charco azul chulilla - Buscar con Google,1,0,0,,,0,7274,3,0
25858,15436,698082194.191114,"El Charco Azul de Chulilla, el tesoro escondido del Turia (Valencia)",1,0,0,,,0,7274,0,100
25859,15437,698082255.680112,Como llegar al Charco Azul Chulilla - Buscar con Google,1,0,0,,,0,7274,0,100
25860,15437,698082256.196978,Como llegar al Charco Azul Chulilla - Buscar con Google,1,0,0,,,0,7274,3,0
25861,15438,698082256.47555,Como llegar al Charco Azul Chulilla - Buscar con Google,1,0,0,,,0,7274,1,0
25862,15435,698085663.351624,charco azul chulilla - Buscar con Google,1,0,0,,,0,7276,8,60
25863,15439,698091311.025908,lkollo sabadell - Buscar con Google,1,0,0,,,0,7276,0,100
25864,15439,698091311.611189,lkollo sabadell - Buscar con Google,1,0,0,,,0,7276,3,0
25865,15440,698091314.219964,lkollo sabadell - Buscar con Google,1,0,0,,,0,7276,1,0
25866,15441,698091314.920665,lkollo sabadell - Buscar con Google,1,0,0,,,0,7276,1,0
25867,15442,698091324.488245,lkollo sabadell - Buscar con Google,1,0,0,,,0,7276,1,0
25868,15443,698091325.363272,lkollo sabadell - Buscar con Google,1,0,0,,,0,7277,1,0
25869,15443,698094611.172614,lkollo sabadell - Buscar con Google,1,0,0,,,0,7277,8,60
25870,15444,698096057.858421,,1,0,0,,25871.0,0,7277,0,100
25871,15445,698096057.860729,Nike Unite Parc Vall: Google Local,1,0,0,25870.0,,0,7277,0,100
25872,15445,698098355.710386,Nike Unite Parc Vall: Google Local,1,0,0,,,0,7277,9,0
25873,15445,698098356.21623,Nike Unite Parc Vall: Google Local,1,0,0,,,0,7277,2,0
25874,15446,698098356.818936,Nike Unite Parc Vall: Google Local,1,0,0,,,0,7277,1,0
25875,15447,698099842.72607,ravioli de pekotino - Buscar con Google,1,0,0,,,0,7277,0,100
25876,15447,698099843.532089,ravioli de pekotino - Buscar con Google,1,0,0,,,0,7277,3,0
25877,15448,698099871.413056,ravioli de pekotino - Buscar con Google,1,0,0,,,0,7277,1,0
25878,15447,698099918.579693,ravioli de pekotino - Buscar con Google,1,0,0,,,0,7278,5,0
25879,15449,698099918.899978,ravioli napolitana - Buscar con Google,1,0,0,,,0,7278,0,100
25880,15449,698099919.655412,ravioli napolitana - Buscar con Google,1,0,0,,,0,7278,3,0
25881,15450,698099929.952962,ravioli napolitana - Buscar con Google,1,0,0,,,0,7278,1,0
25882,15449,698099935.109207,ravioli napolitana - Buscar con Google,1,0,0,,,0,7278,3,0
25883,15451,698099935.336796,ravioli alla panna - Buscar con Google,1,0,0,,,0,7278,0,100
25884,15451,698099935.794823,ravioli alla panna - Buscar con Google,1,0,0,,,0,7278,3,0
25885,15451,698114966.646382,ravioli alla panna - Buscar con Google,1,0,0,,,0,7279,0,100
25886,15451,698152040.320075,Fallo en la página web,0,0,0,,,0,7279,0,100
25887,15452,698152047.238853,berska - Buscar con Google,1,0,0,,,0,7279,0,100
25888,15452,698152047.979136,berska - Buscar con Google,1,0,0,,,0,7279,3,0
25889,15453,698152138.502306,Rebajas en Ropa de Mujer | Bershka España Mujer:,1,0,0,,,0,7279,0,100
25890,15453,698152140.374091,Rebajas en Ropa de Mujer | Bershka España Mujer:,1,0,0,,,0,7279,3,0
25891,15453,698152140.565601,Rebajas en Ropa de Mujer | Bershka España Mujer:,1,0,0,,,0,7279,3,0
25892,15453,698152145.288845,Rebajas en Ropa de Mujer | Bershka España Mujer:,1,0,0,,,0,7279,3,0
25893,15454,698152195.885268,Rebajas en Ropa de Mujer | Bershka España Mujer:,1,0,0,,,0,7279,1,0
25894,15454,698152195.935106,Rebajas en Ropa de Mujer | Bershka España Mujer:,1,0,0,,,0,7279,3,0
25895,15454,698152202.314297,Rebajas en Ropa de Mujer | Bershka España Mujer:,1,0,0,,,0,7279,3,0
25896,15455,698152205.461663,Rebajas en Ropa de Mujer | Bershka España Mujer:,1,0,0,,,0,7279,1,0
25897,15455,698152205.52484,Buscador | Bershka,1,0,0,,,0,7279,3,0
25898,15455,698152249.085325,Buscador | Bershka,1,0,0,,,0,7279,3,0
25899,15456,698152257.877891,Buscador | Bershka,1,0,0,,,0,7279,1,0
25900,15456,698152257.962722,Buscador | Bershka,1,0,0,,,0,7279,3,0
25901,15455,698152273.898799,Buscador | Bershka,1,0,0,,,0,7279,2,0
25902,15455,698152273.969591,Buscador | Bershka,1,0,0,,,0,7279,3,0
25903,15454,698152276.985823,Rebajas en Ropa de Mujer | Bershka España Mujer:,1,0,0,,,0,7279,5,0
25904,15454,698152278.489369,Rebajas en Ropa de Mujer | Bershka España Mujer:,1,0,0,,,0,7279,3,0
25905,15457,698152284.871228,Rebajas en Ropa de Mujer | Bershka España Mujer:,1,0,0,,,0,7279,1,0
25906,15457,698152284.927733,"Ropa, Zapatos y Accessorios de Mujer | Bershka España",1,0,0,,,0,7279,3,0
25907,15458,698152295.510584,"Ropa, Zapatos y Accessorios de Mujer | Bershka España",1,0,0,,,0,7279,1,0
25908,15458,698152295.567811,Rebajas - Mujer | Bershka,1,0,0,,,0,7279,3,0
25909,15459,698152310.724514,Rebajas - Mujer | Bershka,1,0,0,,,0,7279,1,0
25910,15459,698152310.911971,Botines plataforma XL con elásticos - Rebajas - Mujer | Bershka,1,0,0,,,0,7279,3,0
25911,15458,698152332.707999,Botines plataforma XL con elásticos - Rebajas - Mujer | Bershka,1,0,0,,,0,7279,2,0
25912,15458,698152332.823322,Rebajas - Mujer | Bershka,1,0,0,,,0,7279,3,0
25913,15458,698154952.657634,Rebajas - Mujer | Bershka,1,0,0,,,0,7279,9,0
25914,15458,698154954.146927,Rebajas - Mujer | Bershka,1,0,0,,,0,7279,2,0
25915,15453,698154955.096086,Rebajas en Ropa de Mujer | Bershka España Mujer:,1,0,0,,,0,7279,9,0
25916,15453,698154972.144025,Rebajas en Ropa de Mujer | Bershka España Mujer:,1,0,0,,,0,7279,3,0
25917,15453,698154972.16573,Rebajas en Ropa de Mujer | Bershka España Mujer:,1,0,0,,,0,7279,3,0
25918,15457,698154979.583911,Rebajas en Ropa de Mujer | Bershka España Mujer:,1,0,0,,,0,7279,9,0
25919,15457,698154979.641758,"Ropa, Zapatos y Accessorios de Mujer | Bershka España",1,0,0,,,0,7279,3,0
25920,15460,698154983.821499,"Ropa, Zapatos y Accessorios de Mujer | Bershka España",1,0,0,,,0,7279,1,0
25921,15460,698154983.893557,Bershka Wishlist | Bershka,1,0,0,,,0,7279,3,0
25922,15457,698154987.577172,"Ropa, Zapatos y Accessorios de Mujer | Bershka España",1,0,0,,,0,7279,2,0
25923,15457,698154998.500937,"Ropa, Zapatos y Accessorios de Mujer | Bershka España",1,0,0,,,0,7279,3,0
25924,15457,698154998.587309,"Ropa, Zapatos y Accessorios de Mujer | Bershka España",1,0,0,,,0,7279,3,0
25925,15457,698155004.734192,"Ropa, Zapatos y Accessorios de Mujer | Bershka España",1,0,0,,,0,7279,3,0
25926,15461,698155010.771527,"Ropa, Zapatos y Accessorios de Mujer | Bershka España",1,0,0,,,0,7279,1,0
25927,15461,698155010.826542,Buscador | Bershka,1,0,0,,,0,7279,3,0
25928,15462,698155124.368235,farmacia can deu - Buscar con Google,1,0,0,,,0,7279,0,100
25929,15462,698155125.35484,farmacia can deu - Buscar con Google,1,0,0,,,0,7279,3,0
25930,15463,698155127.243364,farmacia can deu - Buscar con Google,1,0,0,,,0,7279,1,0
25931,15464,698155127.994191,farmacia can deu - Buscar con Google,1,0,0,,,0,7279,1,0
25932,15465,698155134.494467,farmacia can deu - Buscar con Google,1,0,0,,,0,7279,1,0
25933,15466,698188247.680887,seat leon azul - Buscar con Google,1,0,0,,,0,7281,0,100
25934,15466,698188248.438856,seat leon azul - Buscar con Google,1,0,0,,,0,7281,3,0
25935,15467,698188256.064912,Seat leon azul de segunda mano y ocasión | Milanuncios,1,0,0,,,0,7281,0,100
25936,15468,698188261.577183,Milanuncios - Seat - León,1,0,0,,,0,7281,1,0
25937,15467,698188359.300033,Seat leon azul de segunda mano y ocasión | Milanuncios,1,0,0,,,0,7281,4,25
25938,15469,698188377.251358,728 Seat León de segunda mano de color azul - Trovit,1,0,0,,,0,7281,0,100
25939,15470,698188408.164479,kilometro cero - Buscar con Google,1,0,0,,,0,7281,0,100
25940,15470,698188409.040796,kilometro cero - Buscar con Google,1,0,0,,,0,7281,3,0
25941,15471,698188411.424159,,1,0,0,,25942.0,0,7281,0,100
25942,15472,698188411.424643,Clicars - Compra tu coche de Buena Mano sin moverte de casa. | Clicars.com,1,0,0,25941.0,,0,7281,0,100
25943,15473,698188418.003543,Coches de Segunda Mano y Ocasión | Clicars.com,1,0,0,,,0,7281,0,100
25944,15474,698188424.048169,Coches de Segunda Mano y Ocasión | Clicars.com,1,0,0,,,0,7281,1,0
25945,15475,698188437.64429,Coches de Segunda Mano y Ocasión | Clicars.com,1,0,0,,,0,7281,1,0
25946,15476,698188450.758307,Coches de Segunda Mano y Ocasión | Clicars.com,1,0,0,,,0,7281,1,0
25947,15477,698188461.700514,Coches de Segunda Mano y Ocasión | Clicars.com,1,0,0,,,0,7281,1,0
25948,15478,698188589.455203,Kia Rio Gasolina 1.0 T-GDi 74kW (100CV) Concept | Clicars.com,1,0,0,,,0,7281,0,100
25949,15479,698188595.19832,Kia Rio Gasolina 1.0 T-GDi 74kW (100CV) Concept | Clicars.com,1,0,0,,,0,7281,1,0
25950,15480,698188596.915945,Kia Rio Gasolina 1.0 T-GDi 74kW (100CV) Concept | Clicars.com,1,0,0,,,0,7281,1,0
25951,15481,698188598.484224,Kia Rio Gasolina 1.0 T-GDi 74kW (100CV) Concept | Clicars.com,1,0,0,,,0,7281,1,0
25952,15482,698188601.284459,Kia Rio Gasolina 1.0 T-GDi 74kW (100CV) Concept | Clicars.com,1,0,0,,,0,7281,1,0
25953,15483,698188603.666858,Kia Rio Gasolina 1.0 T-GDi 74kW (100CV) Concept | Clicars.com,1,0,0,,,0,7281,1,0
25954,15484,698188606.318081,Kia Rio Gasolina 1.0 T-GDi 74kW (100CV) Concept | Clicars.com,1,0,0,,,0,7281,1,0
25955,15478,698188607.429981,Kia Rio Gasolina 1.0 T-GDi 74kW (100CV) Concept | Clicars.com,1,0,0,,,0,7281,3,0
25956,15478,698227631.856829,Kia Rio Gasolina 1.0 T-GDi 74kW (100CV) Concept | Clicars.com,1,0,0,,,0,7281,0,100
25957,15485,698227637.814249,cómo se dice legañas o lagañas - Buscar con Google,1,0,0,,,0,7281,0,100
25958,15485,698227638.718993,cómo se dice legañas o lagañas - Buscar con Google,1,0,0,,,0,7281,3,0
25959,15478,698227659.908701,Kia Rio Gasolina 1.0 T-GDi 74kW (100CV) Concept | Clicars.com,1,0,0,,,0,7281,2,0
25960,15486,698229195.84043,,1,0,0,,25961.0,0,7281,0,100
25961,15487,698229195.846885,Prima di continuare sul Motore di Ricerca Google Search,1,0,0,25960.0,,0,7281,0,100
25962,15487,698229196.563461,Prima di continuare sul Motore di Ricerca Google Search,1,0,0,,,0,7281,3,0
25963,15488,698229200.334382,Reindirizzamento,1,0,0,,,0,7281,0,100
25964,15489,698229200.909205,,1,1,0,,25965.0,0,7281,0,100
25965,15490,698229200.909536,Panperfocaccia - Google+ Local,1,0,0,25964.0,,0,7281,0,100
25966,15490,698229202.310649,Panperfocaccia - Google+ Local,1,1,0,,,0,7281,3,0
25967,15491,698229203.680531,Panperfocaccia - Google+ Local,1,1,0,,,0,7281,1,0
25968,15488,698229216.604039,Reindirizzamento,1,0,0,,,0,7281,2,0
25969,15489,698229217.154477,,1,1,0,,25970.0,0,7281,2,0
25970,15490,698229217.154668,Panperfocaccia - Google+ Local,1,0,0,25969.0,,0,7281,0,100
25971,15490,698229217.88007,Panperfocaccia - Google+ Local,1,1,0,,,0,7281,3,0
25972,15491,698229218.343711,Panperfocaccia - Google+ Local,1,1,0,,,0,7281,3,0
25973,15492,698229222.367224,,1,0,0,,25974.0,0,7281,0,100
25974,15493,698229222.372987,Kipling Restaurant & Wines - Google+ Local,1,0,0,25973.0,,0,7281,0,100
25975,15493,698229223.134146,Kipling Restaurant & Wines - Google+ Local,1,0,0,,,0,7281,3,0
25976,15494,698229223.914651,Kipling Restaurant & Wines - Google+ Local,1,0,0,,,0,7281,1,0
25977,15495,698229255.362002,,1,0,0,,25978.0,0,7281,0,100
25978,15496,698229255.36781,Tre da Tre - Google+ Local,1,0,0,25977.0,,0,7281,0,100
25979,15496,698229255.880093,Tre da Tre - Google+ Local,1,0,0,,,0,7281,3,0
25980,15497,698229256.426745,Tre da Tre - Google+ Local,1,0,0,,,0,7281,1,0
25981,15498,698234848.652609,,0,0,0,,25982.0,0,7282,0,100
25982,15499,698234848.653327,,1,0,0,25981.0,,0,7282,0,100
25983,15499,698237071.944534,,0,0,0,,,0,7282,8,60
25984,15500,698237077.952634,centro comerial andorra la vella - Buscar con Google,1,0,0,,,0,7282,0,100
25985,15500,698237078.934749,centro comerial andorra la vella - Buscar con Google,1,0,0,,,0,7282,3,0
25986,15501,698237088.741391,centro comerial andorra la vella - Buscar con Google,1,0,0,,,0,7282,1,0
25987,15502,698237089.230665,centro comerial andorra la vella - Buscar con Google,1,0,0,,,0,7282,1,0
25988,15503,698238207.157051,zona azul en andorra - Buscar con Google,1,0,0,,,0,7285,0,100
25989,15503,698238208.091811,zona azul en andorra - Buscar con Google,1,0,0,,,0,7285,3,0
25990,15504,698238228.51671,Aparcar en Andorra - GRATIS: Foro de Andorra la Vella en Tripadvisor,1,0,0,,,0,7285,0,100
25991,15504,698238230.239569,Aparcar en Andorra - GRATIS: Foro de Andorra la Vella en Tripadvisor,1,0,0,,,0,7285,3,0
25992,15505,698238615.895459,"Parking Zona Azul de La Massana, Andorra.",1,0,0,,,0,7286,0,100
25993,15506,698238642.215021,▷ Aparca con APP en Zona Azul de Andorra,1,0,0,,,0,7286,0,100
25994,15507,698238694.812931,Aparcar en Andorra - GRATIS: Foro de Andorra la Vella en Tripadvisor,1,0,0,,,0,7286,0,100
25995,15507,698238695.468561,Aparcar en Andorra - GRATIS: Foro de Andorra la Vella en Tripadvisor,1,0,0,,,0,7286,3,0
25996,15508,698238705.098919,▷ Zona Azul Andorra ☆ GUIA 2023,1,0,0,,,0,7286,0,100
25997,15500,698239985.705303,centro comerial andorra la vella - Buscar con Google,1,0,0,,,0,7288,8,60
25998,15500,698239986.502354,centro comerial andorra la vella - Buscar con Google,1,0,0,,,0,7288,3,0
25999,15501,698239993.737566,centro comerial andorra la vella - Buscar con Google,1,0,0,,,0,7288,9,0
26000,15502,698239994.4066,centro comerial andorra la vella - Buscar con Google,1,0,0,,,0,7289,9,0
26001,15509,698257163.133246,normas de caldea andorra - Buscar con Google,1,0,0,,,0,7289,0,100
26002,15509,698257163.687223,normas de caldea andorra - Buscar con Google,1,0,0,,,0,7289,3,0
26003,15510,698257180.920378,Condiciones generales de reserva Caldea,1,0,0,,,0,7289,0,100
26004,15511,698334862.677502,Hotel Estival Park Resort****Sup | Tarragona | Web Oficial,1,0,0,,,0,7291,0,100
26005,15512,698334889.14763,Habitaciones y apartamentos | Estival Park Resort | Web Oficial,1,0,0,,,0,7291,0,100
26006,15513,698334921.377499,Ofertas | Estival Park**** | Tarragona | Web Oficial,1,0,0,,,0,7292,0,100
26007,15514,698335064.33424,,1,1,0,,26008.0,0,7292,0,100
26008,15515,698335064.335356,Oassium | Tarragona | Web Oficial,1,0,0,26007.0,,0,7292,0,100
26009,15516,698335147.404274,,1,1,0,,26010.0,0,7293,0,100
26010,15517,698335147.40474,Oassium | Tarragona | Web Oficial,1,0,0,26009.0,,0,7293,0,100
26011,15518,698347352.043853,,1,0,0,,26012.0,0,7294,0,100
26012,15519,698347352.044216,Traventia: Calificar satisfacción: #484726 Otra consulta sobre mi rese...,1,0,0,26011.0,,0,7294,0,100
26013,15520,698347643.480812,,1,0,0,,26014.0,0,7295,0,100
26014,15521,698347643.484087,opinat-nps,1,0,0,26013.0,,0,7295,0,100
26015,15522,698347777.195982,"Hospital Quirónsalud Barcelona, Plaça d'Alfonso Comín, 5, 08023 Barcelona",1,0,0,,,0,7296,0,100
26016,15523,698348469.199934,,1,0,0,,26017.0,0,7297,0,100
26017,15524,698348469.203353,Preferencias email,1,0,0,26016.0,,0,7297,0,100
26018,15525,698348473.001867,Preferencias email,1,0,0,,,0,7297,1,0
26019,15524,698348473.156556,Preferencias email,1,1,0,,,0,7297,2,0
26020,15526,698348475.467298,,1,0,0,,26021.0,0,7297,0,100
26021,15527,698348475.467634,Billabong España | Marca de Surf Desde 1973 - Tienda Oficial Online,1,0,0,26020.0,,0,7297,0,100
